{"stats":{"minecraft:custom":{"minecraft:jump":78,"minecraft:time_since_rest":1781,"minecraft:deaths":2,"minecraft:crouch_one_cm":474,"minecraft:damage_taken":590,"minecraft:sprint_one_cm":2921,"minecraft:play_time":14875,"minecraft:time_since_death":1743,"minecraft:walk_one_cm":68307,"minecraft:sneak_time":34,"minecraft:total_world_time":14875,"minecraft:fall_one_cm":4010,"minecraft:fly_one_cm":3739,"minecraft:leave_game":1},"minecraft:used":{"alexsmobs:animal_dictionary":1},"minecraft:mined":{"minecraft:grass":1,"minecraft:peony":2,"biomesoplenty:lavender":1},"minecraft:picked_up":{"biomesoplenty:lavender":7,"biomesoplenty:tall_lavender":2,"minecraft:peony":1},"minecraft:killed_by":{"minecraft:zombie":2}},"DataVersion":3465}