{"stats":{"minecraft:custom":{"minecraft:time_since_rest":4354,"minecraft:interact_with_furnace":10,"minecraft:sprint_one_cm":17232,"minecraft:damage_taken":417,"minecraft:walk_one_cm":466396,"minecraft:damage_dealt":300,"minecraft:interact_with_crafting_table":7,"minecraft:fly_one_cm":1929,"minecraft:open_chest":22,"minecraft:play_time":53968,"minecraft:deaths":1,"minecraft:sneak_time":78,"minecraft:jump":674,"minecraft:time_since_death":4285,"minecraft:total_world_time":53968,"minecraft:fall_one_cm":12288},"minecraft:crafted":{"minecraft:iron_ingot":0},"minecraft:broken":{"minecraft:iron_pickaxe":1},"minecraft:used":{"minecraft:flint_and_steel":4,"minecraft:iron_axe":85,"minecraft:iron_pickaxe":279,"minecraft:spruce_planks":33,"minecraft:iron_sword":27,"minecraft:iron_chestplate":1,"minecraft:cobblestone":7,"minecraft:beef":3,"minecraft:crafting_table":1,"minecraft:potato":1},"minecraft:mined":{"biomesoplenty:jacaranda_leaves":12,"biomesoplenty:jacaranda_log":26,"minecraft:spruce_planks":2,"biomesoplenty:tall_lavender":2,"mekanism:osmium_ore":8,"minecraft:iron_ore":24,"minecraft:fire":1,"biomesoplenty:lavender":10,"minecraft:spruce_log":20,"minecraft:yellow_bed":1,"gravestone:gravestone":1,"minecraft:grass":10,"minecraft:grass_block":31,"minecraft:emerald_ore":2,"minecraft:oak_log":12,"minecraft:coal_ore":18,"minecraft:dirt":19,"minecraft:spruce_leaves":69,"minecraft:stone":194,"minecraft:oak_leaves":1},"minecraft:picked_up":{"biomesoplenty:lavender":10,"minecraft:stick":7,"minecraft:raw_iron":22,"butchersdelight:skullcow":1,"minecraft:potato":1,"butchersdelight:cow_hide":1,"biomesoplenty:jacaranda_sapling":1,"minecraft:oak_log":12,"gravestone:obituary":3,"minecraft:spruce_sapling":6,"minecraft:spruce_log":19,"mekanism:raw_osmium":8,"minecraft:dirt":47,"alexsmobs:animal_dictionary":1,"biomesoplenty:tall_lavender":2,"minecraft:bone":1,"minecraft:rotten_flesh":1,"butchersdelight:dead_cow":3,"biomesoplenty:jacaranda_log":25,"minecraft:wheat_seeds":1,"minecraft:spruce_planks":2,"minecraft:beef":8,"minecraft:emerald":2,"minecraft:coal":18,"minecraft:cobblestone":200}},"DataVersion":3465}