{"stats":{"minecraft:custom":{"minecraft:interact_with_furnace":10,"minecraft:mob_kills":9,"minecraft:interact_with_crafting_table":12,"minecraft:time_since_death":7050,"minecraft:time_since_rest":7163,"minecraft:sprint_one_cm":55427,"minecraft:damage_taken":792,"minecraft:walk_one_cm":969510,"minecraft:damage_blocked_by_shield":160,"minecraft:drop":5,"minecraft:damage_dealt":2098,"minecraft:fly_one_cm":7763,"minecraft:open_chest":33,"minecraft:play_time":89968,"minecraft:deaths":2,"minecraft:sneak_time":78,"minecraft:jump":1201,"minecraft:total_world_time":89968,"minecraft:fall_one_cm":21805},"minecraft:crafted":{"minecraft:iron_ingot":0},"minecraft:killed":{"minecraft:spider":1,"minecraft:skeleton":2,"minecraft:zombie":5},"minecraft:dropped":{"minecraft:cherry_sapling":1,"minecraft:rotten_flesh":8,"minecraft:dirt":49,"minecraft:dandelion":1,"minecraft:bone":1},"minecraft:broken":{"minecraft:iron_pickaxe":1},"minecraft:used":{"minecraft:iron_shovel":95,"minecraft:flint_and_steel":4,"minecraft:spruce_planks":41,"minecraft:chest":2,"minecraft:shield":4,"minecraft:cherry_planks":1,"minecraft:iron_sword":130,"minecraft:blue_bed":1,"minecraft:iron_chestplate":1,"minecraft:dirt":3,"minecraft:crafting_table":1,"minecraft:iron_axe":167,"minecraft:iron_pickaxe":279,"minecraft:cobblestone":7,"minecraft:beef":8,"minecraft:furnace":2,"minecraft:potato":1},"minecraft:mined":{"biomesoplenty:jacaranda_leaves":12,"minecraft:spruce_planks":2,"mekanism:osmium_ore":8,"minecraft:cherry_planks":1,"botania:red_mystical_flower":1,"minecraft:cherry_log":11,"gravestone:gravestone":3,"minecraft:emerald_ore":2,"minecraft:grass_block":104,"minecraft:poppy":1,"minecraft:rose_bush":14,"biomesoplenty:flowering_oak_leaves":14,"minecraft:tall_grass":2,"minecraft:spruce_leaves":99,"biomesoplenty:sprout":31,"minecraft:oxeye_daisy":1,"biomesoplenty:jacaranda_log":26,"biomesoplenty:tall_lavender":2,"minecraft:iron_ore":24,"minecraft:fire":1,"biomesoplenty:lavender":11,"minecraft:spruce_log":20,"realmrpg_skeletons:acrobat_skeleton":1,"minecraft:yellow_bed":1,"minecraft:grass":117,"biomesoplenty:clover":30,"minecraft:coal_ore":18,"minecraft:oak_log":37,"minecraft:cherry_leaves":1,"minecraft:dirt":24,"biomesoplenty:barley":7,"minecraft:stone":194,"minecraft:oak_leaves":28},"minecraft:picked_up":{"biomesoplenty:lavender":11,"minecraft:cherry_planks":1,"minecraft:potato":1,"biomesoplenty:jacaranda_sapling":1,"minecraft:oak_log":23,"gravestone:obituary":3,"minecraft:string":1,"minecraft:dirt":189,"minecraft:blue_bed":1,"biomesoplenty:tall_lavender":2,"minecraft:bone":4,"butchersdelight:dead_cow":3,"minecraft:apple":4,"minecraft:wheat_seeds":17,"minecraft:spruce_planks":2,"minecraft:beef":8,"minecraft:rose_bush":4,"minecraft:stick":16,"minecraft:raw_iron":22,"minecraft:dandelion":1,"butchersdelight:skullcow":1,"butchersdelight:cow_hide":1,"minecraft:cherry_log":11,"minecraft:spruce_sapling":7,"minecraft:spruce_log":19,"mekanism:raw_osmium":8,"alexsmobs:animal_dictionary":1,"biomesoplenty:flowering_oak_sapling":2,"minecraft:rotten_flesh":8,"biomesoplenty:jacaranda_log":25,"minecraft:cherry_sapling":1,"minecraft:emerald":2,"minecraft:oak_sapling":5,"minecraft:coal":18,"minecraft:cobblestone":200,"minecraft:oxeye_daisy":2},"minecraft:killed_by":{"minecraft:skeleton":1}},"DataVersion":3465}