{"stats":{"minecraft:custom":{"minecraft:time_since_rest":41968,"minecraft:interact_with_furnace":10,"minecraft:sprint_one_cm":17094,"minecraft:damage_taken":50,"minecraft:walk_one_cm":355724,"minecraft:damage_dealt":300,"minecraft:interact_with_crafting_table":6,"minecraft:fly_one_cm":1743,"minecraft:open_chest":22,"minecraft:play_time":41968,"minecraft:sneak_time":78,"minecraft:jump":495,"minecraft:time_since_death":41968,"minecraft:total_world_time":41968,"minecraft:fall_one_cm":4254},"minecraft:crafted":{"minecraft:iron_ingot":0},"minecraft:broken":{"minecraft:iron_pickaxe":1},"minecraft:used":{"minecraft:flint_and_steel":4,"minecraft:iron_axe":65,"minecraft:iron_pickaxe":251,"minecraft:iron_sword":27,"minecraft:iron_chestplate":1,"minecraft:cobblestone":7,"minecraft:beef":3,"minecraft:potato":1},"minecraft:mined":{"biomesoplenty:jacaranda_leaves":12,"biomesoplenty:jacaranda_log":26,"biomesoplenty:tall_lavender":2,"mekanism:osmium_ore":8,"minecraft:iron_ore":24,"minecraft:fire":1,"biomesoplenty:lavender":10,"minecraft:spruce_log":10,"minecraft:yellow_bed":1,"minecraft:grass":10,"minecraft:grass_block":25,"minecraft:emerald_ore":2,"minecraft:oak_log":12,"minecraft:coal_ore":18,"minecraft:dirt":13,"minecraft:spruce_leaves":39,"minecraft:stone":179,"minecraft:oak_leaves":1},"minecraft:picked_up":{"biomesoplenty:lavender":10,"minecraft:stick":7,"minecraft:raw_iron":22,"butchersdelight:skullcow":1,"minecraft:potato":1,"butchersdelight:cow_hide":1,"biomesoplenty:jacaranda_sapling":1,"minecraft:oak_log":12,"gravestone:obituary":3,"minecraft:spruce_sapling":2,"minecraft:spruce_log":10,"mekanism:raw_osmium":8,"minecraft:dirt":38,"alexsmobs:animal_dictionary":1,"biomesoplenty:tall_lavender":2,"minecraft:bone":1,"minecraft:rotten_flesh":1,"butchersdelight:dead_cow":3,"biomesoplenty:jacaranda_log":25,"minecraft:wheat_seeds":1,"minecraft:beef":8,"minecraft:emerald":2,"minecraft:coal":18,"minecraft:cobblestone":185}},"DataVersion":3465}