{"stats":{"minecraft:custom":{"minecraft:interact_with_furnace":10,"minecraft:mob_kills":11,"minecraft:interact_with_crafting_table":15,"minecraft:leave_game":1,"minecraft:time_since_death":10660,"minecraft:sleep_in_bed":1,"minecraft:time_since_rest":10850,"minecraft:sprint_one_cm":117314,"minecraft:damage_taken":1144,"minecraft:walk_one_cm":1328110,"minecraft:damage_blocked_by_shield":200,"minecraft:drop":8,"minecraft:damage_dealt":2713,"minecraft:fly_one_cm":25426,"minecraft:open_chest":37,"minecraft:play_time":121627,"minecraft:deaths":4,"minecraft:sneak_time":78,"minecraft:jump":1539,"minecraft:total_world_time":121627,"minecraft:fall_one_cm":25030},"minecraft:crafted":{"minecraft:iron_ingot":0},"minecraft:killed":{"minecraft:spider":2,"minecraft:skeleton":3,"minecraft:zombie":5},"minecraft:dropped":{"minecraft:cherry_sapling":1,"minecraft:rotten_flesh":8,"minecraft:apple":2,"minecraft:dirt":49,"minecraft:iron_axe":1,"minecraft:dandelion":1,"minecraft:bone":1},"minecraft:broken":{"minecraft:iron_shovel":2,"minecraft:iron_axe":1,"minecraft:iron_pickaxe":1},"minecraft:used":{"epicfight:skillbook":1,"minecraft:iron_shovel":509,"minecraft:flint_and_steel":4,"minecraft:spruce_planks":41,"minecraft:chest":2,"minecraft:shield":5,"minecraft:cherry_planks":1,"minecraft:iron_sword":153,"minecraft:blue_bed":1,"minecraft:iron_chestplate":1,"minecraft:dirt":7,"minecraft:crafting_table":1,"minecraft:apple":2,"minecraft:iron_axe":315,"minecraft:iron_pickaxe":279,"minecraft:cobblestone":7,"minecraft:beef":8,"minecraft:furnace":2,"minecraft:potato":1},"minecraft:mined":{"biomesoplenty:jacaranda_leaves":16,"minecraft:spruce_planks":2,"mekanism:osmium_ore":8,"minecraft:cherry_planks":1,"botania:red_mystical_flower":1,"minecraft:cherry_log":51,"minecraft:dandelion":1,"gravestone:gravestone":5,"biomesoplenty:bush":1,"minecraft:emerald_ore":2,"minecraft:grass_block":318,"minecraft:poppy":2,"minecraft:rose_bush":14,"biomesoplenty:flowering_oak_leaves":31,"minecraft:tall_grass":7,"minecraft:spruce_leaves":99,"biomesoplenty:sprout":34,"minecraft:oxeye_daisy":3,"minecraft:pink_petals":9,"biomesoplenty:jacaranda_log":113,"biomesoplenty:tall_lavender":2,"minecraft:iron_ore":24,"minecraft:fire":1,"biomesoplenty:lavender":46,"minecraft:spruce_log":20,"realmrpg_skeletons:acrobat_skeleton":1,"minecraft:yellow_bed":1,"minecraft:grass":152,"biomesoplenty:clover":30,"minecraft:coal_ore":18,"minecraft:oak_log":45,"minecraft:cherry_leaves":2,"minecraft:dirt":187,"biomesoplenty:barley":7,"minecraft:stone":194,"minecraft:oak_leaves":48},"minecraft:picked_up":{"biomesoplenty:lavender":43,"minecraft:pink_petals":24,"minecraft:cherry_planks":1,"minecraft:potato":1,"biomesoplenty:jacaranda_sapling":7,"minecraft:oak_log":31,"gravestone:obituary":3,"minecraft:string":6,"minecraft:dirt":647,"minecraft:blue_bed":1,"minecraft:iron_axe":1,"biomesoplenty:tall_lavender":2,"minecraft:bone":4,"butchersdelight:dead_cow":3,"minecraft:apple":4,"minecraft:wheat_seeds":25,"minecraft:spruce_planks":2,"minecraft:beef":8,"minecraft:rose_bush":4,"minecraft:poppy":2,"minecraft:stick":25,"minecraft:raw_iron":22,"minecraft:dandelion":5,"epicfight:skillbook":1,"butchersdelight:skullcow":1,"butchersdelight:cow_hide":1,"minecraft:cherry_log":48,"minecraft:spruce_sapling":7,"minecraft:spruce_log":19,"mekanism:raw_osmium":8,"minecraft:spider_eye":1,"alexsmobs:animal_dictionary":1,"biomesoplenty:flowering_oak_sapling":3,"minecraft:rotten_flesh":8,"biomesoplenty:jacaranda_log":108,"minecraft:cherry_sapling":2,"minecraft:emerald":2,"minecraft:oak_sapling":7,"minecraft:coal":18,"minecraft:cobblestone":201,"minecraft:oxeye_daisy":6},"minecraft:killed_by":{"minecraft:skeleton":2,"minecraft:spider":1}},"DataVersion":3465}