{"stats":{"minecraft:picked_up":{"minecraft:iron_chestplate":1,"minecraft:suspicious_stew":1,"mekanism:raw_uranium":22,"botania:blue_mushroom":2,"minecraft:stone_slab":2,"mcwbridges:rope_oak_bridge":9,"minecraft:stone_brick_stairs":1,"botania:light_blue_mushroom":2,"minecraft:string":5,"minecraft:raw_copper":62,"minecraft:iron_leggings":1,"biomesoplenty:tall_lavender":9,"roost:opal":4,"minecraft:gold_nugget":1,"minecraft:cobbled_deepslate":99,"minecraft:spruce_planks":2,"minecraft:rose_bush":14,"minecraft:smooth_quartz":722,"minecraft:iron_pickaxe":1,"minecraft:iron_boots":1,"minecraft:furnace":3,"minecraft:stick":19,"minecraft:torch":20,"epicfight:skillbook":2,"minecraft:porkchop":7,"minecraft:target":2,"minecraft:cherry_log":54,"mekanism:raw_tin":17,"minecraft:rotten_flesh":25,"minecraft:white_terracotta":157,"alexsmobs:flying_fish":3,"minecraft:cobblestone":1103,"biomesoplenty:lavender":72,"botania:cyan_mushroom":2,"minecraft:pink_petals":56,"minecraft:feather":7,"minecraft:cooked_beef":1,"minecraft:water_bucket":1,"minecraft:potato":10,"butchersdelight:deadpig":2,"minecraft:flint":1,"minecraft:tuff":33,"botania:magenta_mushroom":3,"minecraft:lapis_lazuli":29,"minecraft:dirt":1440,"minecraft:lantern":10,"minecraft:bone":35,"minecraft:wheat_seeds":97,"minecraft:raw_gold":7,"botania:gray_mushroom":1,"minecraft:fletching_table":1,"minecraft:bamboo":66,"minecraft:moss_block":1,"butchersdelight:skullcow":8,"butchersdelight:cow_hide":5,"minecraft:sand":232,"minecraft:dark_oak_log":6,"minecraft:mossy_cobblestone":3,"minecraft:diamond":6,"minecraft:soul_lantern":4,"minecraft:cracked_polished_blackstone_bricks":3,"botania:orange_mushroom":4,"minecraft:emerald":4,"minecraft:oak_sapling":5,"butchersdelight:hook":3,"minecraft:netherrack":451,"minecraft:bricks":2,"minecraft:shelter_pottery_sherd":1,"minecraft:charcoal":2,"minecraft:crafting_table":3,"minecraft:coarse_dirt":7,"minecraft:chicken":3,"botania:white_mushroom":1,"minecraft:brown_mushroom":2,"biomesoplenty:flesh":1,"biomesoplenty:jacaranda_sapling":4,"gravestone:obituary":7,"minecraft:brick":3,"minecraft:blackstone":13,"butchersdelight:dead_cow":11,"minecraft:beef":27,"minecraft:poppy":7,"minecraft:chest":10,"minecraft:birch_sapling":1,"minecraft:egg":2,"minecraft:raw_iron":71,"minecraft:sandstone":52,"mcwfurnitures:oak_modern_wardrobe":1,"botania:green_mushroom":1,"minecraft:polished_blackstone_bricks":8,"botania:pink_mushroom":1,"minecraft:redstone":29,"butchersdelight:deadsheep":4,"minecraft:arrow":10,"biomesoplenty:jacaranda_log":20,"minecraft:beetroot_seeds":3,"minecraft:peony":1,"minecraft:gold_ingot":1,"minecraft:mutton":8,"minecraft:skeleton_skull":1,"minecraft:white_wool":4,"minecraft:oxeye_daisy":7,"minecraft:tripwire_hook":3,"minecraft:glow_ink_sac":3,"mekanism:raw_lead":1,"botania:light_gray_mushroom":2,"minecraft:oak_log":80,"minecraft:ancient_debris":1,"minecraft:yellow_bed":7,"minecraft:gunpowder":2,"botania:red_mushroom":1,"butchersdelight:deadchiken":3,"minecraft:smooth_sandstone":32,"minecraft:apple":1,"minecraft:kelp":1,"minecraft:oak_fence_gate":2,"minecraft:iron_ingot":3,"minecraft:book":3,"minecraft:scaffolding":8,"minecraft:pumpkin":21,"minecraft:sweet_berries":13,"minecraft:quartz":22,"minecraft:dandelion":11,"minecraft:gravel":8,"minecraft:amethyst_shard":80,"botania:lime_mushroom":2,"minecraft:spruce_log":23,"mekanism:raw_osmium":21,"minecraft:spider_eye":1,"biomesoplenty:flowering_oak_sapling":5,"travelersbackpack:standard":2,"butchersdelight:sheephide":2,"minecraft:pumpkin_seeds":18,"minecraft:iron_helmet":1,"mekanism:fluorite_gem":33,"minecraft:cherry_sapling":53,"minecraft:melon_seeds":11,"minecraft:coal":99,"minecraft:smooth_quartz_slab":3},"minecraft:used":{"minecraft:cherry_sapling":20,"minecraft:iron_shovel":1419,"minecraft:smooth_quartz_slab":9,"minecraft:white_terracotta":42,"minecraft:chest":26,"butchersdelight:hook":3,"minecraft:stone":23,"minecraft:iron_sword":360,"minecraft:tuff":11,"minecraft:obsidian":10,"minecraft:bricks":1,"minecraft:lantern":5,"biomesoplenty:jacaranda_sapling":1,"minecraft:bow":4,"minecraft:dark_oak_boat":1,"minecraft:sweet_berries":26,"minecraft:scaffolding":7,"minecraft:furnace":5,"minecraft:potato":10,"epicfight:skillbook":1,"minecraft:stone_pickaxe":53,"minecraft:wooden_pickaxe":3,"biomesoplenty:lavender":20,"biomesoplenty:flowering_oak_sapling":1,"butchersdelight:skullcow":2,"minecraft:sand":29,"minecraft:bread":45,"minecraft:soul_lantern":4,"minecraft:bone_meal":63,"mcwfurnitures:oak_modern_wardrobe":5,"minecraft:rose_bush":8,"minecraft:flint_and_steel":1,"minecraft:spruce_planks":15,"minecraft:torch":40,"minecraft:dirt":806,"butchersdelight:cleaver":1,"minecraft:iron_axe":354,"biomesoplenty:tall_lavender":3,"minecraft:smooth_sandstone":48,"minecraft:smooth_quartz":596,"minecraft:bamboo":29,"minecraft:cooked_beef":35,"minecraft:golden_axe":44,"mcwbridges:rope_oak_bridge":9,"minecraft:cooked_mutton":1,"minecraft:water_bucket":13,"minecraft:crafting_table":6,"minecraft:diamond_pickaxe":744,"minecraft:apple":1,"minecraft:diamond_shovel":2,"minecraft:iron_pickaxe":2181,"minecraft:stone_axe":7,"minecraft:pink_petals":56,"minecraft:cobblestone":194,"travelersbackpack:standard":9,"minecraft:cooked_porkchop":7,"minecraft:bucket":17,"minecraft:yellow_bed":7,"minecraft:kelp":1},"minecraft:dropped":{"minecraft:cooked_beef":1,"minecraft:dirt":144,"gravestone:obituary":15,"minecraft:dark_oak_planks":5,"minecraft:bone":10,"minecraft:cooked_chicken":3,"minecraft:rotten_flesh":8,"minecraft:beetroot_seeds":3,"minecraft:melon_seeds":11,"minecraft:arrow":3,"minecraft:stone_brick_stairs":1,"minecraft:iron_ingot":2,"minecraft:mossy_cobblestone":2,"minecraft:feather":1,"minecraft:cobblestone":117,"minecraft:coal":10,"minecraft:stick":7,"minecraft:string":1,"minecraft:tripwire_hook":2,"minecraft:raw_copper":32,"minecraft:tuff":16,"minecraft:pumpkin_seeds":18,"minecraft:suspicious_stew":1,"minecraft:spider_eye":1},"minecraft:crafted":{"minecraft:oak_planks":196,"minecraft:cooked_chicken":3,"minecraft:stone":64,"minecraft:nether_brick":64,"minecraft:cooked_mutton":7,"minecraft:glass":33,"minecraft:chest":18,"minecraft:oak_slab":6,"minecraft:cooked_porkchop":7,"minecraft:crafting_table":3,"minecraft:spruce_planks":92,"minecraft:wooden_pickaxe":1,"travelersbackpack:standard":1,"butchersdelight:cleaver":1,"minecraft:diamond_pickaxe":1,"minecraft:stick":56,"minecraft:stone_slab":6,"minecraft:iron_ingot":71,"minecraft:iron_pickaxe":9,"minecraft:gold_ingot":4,"minecraft:iron_nugget":18,"minecraft:furnace":2,"minecraft:bone_meal":63,"mcwfurnitures:oak_modern_wardrobe":4,"travelersbackpack:white_sleeping_bag":1,"minecraft:iron_axe":2,"minecraft:stone_pickaxe":1,"minecraft:smooth_quartz_slab":6,"minecraft:netherite_scrap":1,"minecraft:dark_oak_planks":24,"minecraft:cooked_beef":27,"butchersdelight:hook":1,"travelersbackpack:backpack_tank":2,"minecraft:iron_sword":1,"minecraft:smooth_sandstone":52,"minecraft:bucket":4,"minecraft:stone_axe":1,"minecraft:air":0,"minecraft:iron_shovel":7,"minecraft:torch":40},"minecraft:killed":{"minecraft:zombified_piglin":1,"minecraft:spider":5,"naturalist:snail":1,"minecraft:skeleton":10,"minecraft:bee":3,"minecraft:sheep":4,"minecraft:zombie":20,"minecraft:allay":1,"alexsmobs:bison":1},"minecraft:killed_by":{"minecraft:zombified_piglin":1,"alexsmobs:cachalot_whale":1,"minecraft:zombie":1,"alexsmobs:bald_eagle":1,"minecraft:warden":1,"minecraft:skeleton":1},"minecraft:custom":{"minecraft:interact_with_crafting_table":66,"minecraft:open_barrel":6,"minecraft:leave_game":5,"minecraft:time_since_death":170560,"minecraft:sprint_one_cm":1396178,"minecraft:drop":69,"minecraft:talked_to_villager":13,"minecraft:play_time":557035,"minecraft:deaths":18,"minecraft:jump":7712,"minecraft:walk_on_water_one_cm":16626,"minecraft:interact_with_furnace":78,"minecraft:interact_with_loom":2,"minecraft:sleep_in_bed":12,"minecraft:damage_dealt":8831,"minecraft:crouch_one_cm":36693,"minecraft:mob_kills":49,"minecraft:interact_with_anvil":1,"minecraft:climb_one_cm":17475,"minecraft:walk_one_cm":3426528,"minecraft:sneak_time":6265,"minecraft:walk_under_water_one_cm":23728,"minecraft:boat_one_cm":34817,"minecraft:total_world_time":557035,"minecraft:time_since_rest":144010,"minecraft:damage_taken":9678,"minecraft:swim_one_cm":29674,"minecraft:fly_one_cm":2141917,"minecraft:open_chest":437,"minecraft:fall_one_cm":191249},"minecraft:broken":{"minecraft:iron_shovel":4,"minecraft:iron_boots":1,"minecraft:iron_sword":1,"minecraft:golden_axe":1,"minecraft:iron_axe":1,"minecraft:iron_pickaxe":7,"minecraft:iron_helmet":1},"minecraft:mined":{"minecraft:large_amethyst_bud":3,"minecraft:spruce_planks":2,"minecraft:sculk_vein":4,"minecraft:cherry_log":54,"botania:light_blue_mushroom":2,"minecraft:grass_block":836,"minecraft:cracked_polished_blackstone_bricks":3,"biomesoplenty:flowering_oak_leaves":16,"roost:flatstoneblock":6,"roost:opal_ore":4,"minecraft:oxeye_daisy":3,"realmrpg_skeletons:dungeon_crawler_skeleton":1,"minecraft:polished_blackstone_bricks":8,"botania:cyan_mushroom":2,"minecraft:magma_block":2,"biomesoplenty:tall_lavender":8,"botania:light_gray_mushroom":2,"minecraft:iron_ore":63,"minecraft:cobbled_deepslate":3,"biomesoplenty:lavender":67,"minecraft:target":2,"minecraft:pumpkin":21,"minecraft:fletching_table":1,"minecraft:deepslate_lapis_ore":4,"minecraft:sculk_shrieker":1,"botania:green_mushroom":1,"minecraft:cave_vines":1,"minecraft:tripwire":3,"biomesoplenty:jacaranda_leaves":53,"mekanism:osmium_ore":13,"minecraft:blackstone":13,"minecraft:medium_amethyst_bud":1,"minecraft:amethyst_cluster":20,"minecraft:soul_lantern":5,"minecraft:torch":2,"minecraft:poppy":5,"minecraft:polished_andesite_stairs":3,"minecraft:chest":10,"mekanism:tin_ore":2,"mcwfurnitures:oak_modern_wardrobe":1,"minecraft:smooth_quartz_slab":3,"minecraft:nether_quartz_ore":23,"minecraft:cobblestone":78,"realmrpg_skeletons:thief_skeleton":1,"minecraft:bricks":1,"minecraft:wall_torch":2,"botania:blue_mushroom":2,"minecraft:pink_petals":22,"minecraft:white_terracotta":158,"minecraft:warped_nylium":3,"minecraft:stone_brick_stairs":1,"botania:gray_mushroom":1,"minecraft:grass":361,"biomesoplenty:clover":73,"mekanism:deepslate_tin_ore":14,"butchersdelight:hook":3,"minecraft:oak_log":80,"mekanism:lead_ore":1,"minecraft:oak_fence_gate":1,"minecraft:sand":238,"minecraft:smooth_quartz":724,"minecraft:dirt":425,"minecraft:tripwire_hook":2,"minecraft:netherrack":466,"minecraft:ancient_debris":1,"minecraft:oak_leaves":57,"minecraft:deepslate":101,"botania:magenta_mushroom":3,"realmrpg_skeletons:waterdrop_skeleton":1,"minecraft:tuff":26,"minecraft:mossy_cobblestone":4,"minecraft:deepslate_diamond_ore":6,"minecraft:cherry_sapling":6,"minecraft:dark_oak_log":6,"botania:red_mushroom":1,"mekanism:deepslate_osmium_ore":8,"minecraft:glow_lichen":2,"gravestone:gravestone":14,"biomesoplenty:bush":1,"minecraft:decorated_pot":1,"botania:orange_mushroom":4,"minecraft:spruce_leaves":18,"mcwbridges:rope_oak_bridge":9,"minecraft:moss_block":1,"biomesoplenty:dune_grass":2,"minecraft:sandstone":55,"biomesoplenty:jacaranda_log":20,"minecraft:redstone_ore":5,"minecraft:furnace":3,"minecraft:nether_sprouts":2,"botania:white_mushroom":1,"biomesoplenty:flesh":3,"minecraft:peony":1,"minecraft:bookshelf":1,"minecraft:deepslate_iron_ore":8,"minecraft:lantern":10,"biomesoplenty:barley":376,"minecraft:bamboo_sapling":4,"butchersdelight:skullcow":2,"minecraft:bamboo":8,"minecraft:stone":823,"minecraft:scaffolding":4,"botania:lime_mushroom":2,"minecraft:dandelion":8,"minecraft:smooth_sandstone":32,"minecraft:crafting_table":3,"minecraft:emerald_ore":4,"minecraft:rose_bush":15,"botania:pink_mushroom":1,"minecraft:sculk_sensor":1,"minecraft:campfire":1,"minecraft:stone_slab":2,"minecraft:tall_grass":8,"minecraft:copper_ore":5,"minecraft:deepslate_coal_ore":2,"biomesoplenty:sprout":32,"minecraft:deepslate_gold_ore":7,"minecraft:sculk":3,"minecraft:coarse_dirt":1,"betterarcheology:loot_vase_creeper":4,"minecraft:sweet_berry_bush":6,"minecraft:spruce_log":24,"minecraft:birch_leaves":1,"minecraft:bee_nest":1,"minecraft:yellow_bed":7,"betterarcheology:loot_vase_green":5,"minecraft:coal_ore":74,"betterarcheology:evoker_trap":1,"minecraft:cherry_leaves":31,"minecraft:gravel":9,"mekanism:deepslate_fluorite_ore":11,"biomesoplenty:flowering_oak_sapling":1,"minecraft:cobweb":1,"mekanism:deepslate_uranium_ore":22,"minecraft:polished_andesite":3,"minecraft:fern":2}},"DataVersion":3465}