{"stats":{"minecraft:used":{"minecraft:stone_pickaxe":44,"minecraft:chest":3,"minecraft:spruce_planks":12,"minecraft:wooden_pickaxe":3,"minecraft:iron_sword":39,"butchersdelight:hook":3,"minecraft:torch":2,"butchersdelight:skullcow":2,"minecraft:crafting_table":3,"minecraft:tuff":8,"butchersdelight:cleaver":1,"minecraft:bricks":1,"minecraft:bread":3,"minecraft:iron_pickaxe":251,"minecraft:cobblestone":35,"minecraft:dark_oak_boat":1,"minecraft:sweet_berries":19,"minecraft:cooked_porkchop":2,"minecraft:furnace":3,"minecraft:kelp":1},"minecraft:mined":{"realmrpg_skeletons:waterdrop_skeleton":1,"minecraft:tuff":8,"minecraft:scaffolding":1,"minecraft:dark_oak_log":6,"minecraft:crafting_table":2,"minecraft:glow_lichen":1,"gravestone:gravestone":2,"biomesoplenty:bush":1,"minecraft:emerald_ore":4,"minecraft:chest":1,"mekanism:tin_ore":1,"minecraft:stone_slab":1,"minecraft:deepslate_coal_ore":2,"minecraft:copper_ore":3,"minecraft:tall_grass":2,"minecraft:cobblestone":10,"roost:flatstoneblock":1,"minecraft:moss_block":1,"minecraft:bricks":1,"minecraft:white_terracotta":16,"biomesoplenty:tall_lavender":1,"minecraft:furnace":1,"minecraft:iron_ore":43,"minecraft:sweet_berry_bush":6,"biomesoplenty:lavender":8,"minecraft:spruce_log":10,"minecraft:target":2,"minecraft:yellow_bed":1,"minecraft:grass":11,"butchersdelight:hook":2,"minecraft:coal_ore":29,"minecraft:deepslate_iron_ore":8,"minecraft:oak_fence_gate":1,"minecraft:gravel":2,"minecraft:cobweb":1,"butchersdelight:skullcow":2,"minecraft:stone":130},"minecraft:killed_by":{"alexsmobs:bald_eagle":1,"minecraft:zombie":1},"minecraft:killed":{"minecraft:spider":1,"naturalist:snail":1,"minecraft:skeleton":1,"minecraft:sheep":2,"minecraft:zombie":5},"minecraft:picked_up":{"biomesoplenty:lavender":19,"minecraft:coarse_dirt":6,"minecraft:iron_chestplate":1,"minecraft:crafting_table":2,"minecraft:feather":7,"minecraft:chicken":3,"minecraft:water_bucket":1,"minecraft:stone_slab":1,"butchersdelight:deadpig":2,"minecraft:tuff":8,"gravestone:obituary":3,"minecraft:yellow_bed":1,"minecraft:gunpowder":2,"minecraft:string":1,"minecraft:dirt":23,"minecraft:raw_copper":14,"minecraft:iron_leggings":1,"butchersdelight:deadchiken":3,"biomesoplenty:tall_lavender":1,"minecraft:bone":9,"butchersdelight:dead_cow":6,"minecraft:kelp":1,"minecraft:wheat_seeds":5,"minecraft:beef":8,"minecraft:oak_fence_gate":2,"minecraft:moss_block":1,"minecraft:chest":1,"minecraft:furnace":1,"minecraft:iron_boots":1,"minecraft:egg":2,"minecraft:scaffolding":1,"minecraft:raw_iron":51,"minecraft:sweet_berries":13,"epicfight:skillbook":1,"butchersdelight:cow_hide":2,"butchersdelight:skullcow":4,"minecraft:gravel":2,"minecraft:porkchop":7,"minecraft:target":2,"minecraft:spruce_log":9,"minecraft:spider_eye":1,"minecraft:dark_oak_log":6,"mekanism:raw_tin":1,"minecraft:arrow":2,"butchersdelight:sheephide":2,"butchersdelight:deadsheep":2,"minecraft:rotten_flesh":2,"minecraft:iron_helmet":1,"minecraft:emerald":4,"minecraft:white_terracotta":15,"butchersdelight:hook":2,"minecraft:mutton":8,"minecraft:bricks":2,"minecraft:coal":30,"alexsmobs:flying_fish":2,"minecraft:white_wool":2,"minecraft:cobblestone":140},"minecraft:custom":{"minecraft:interact_with_furnace":25,"minecraft:interact_with_anvil":1,"minecraft:mob_kills":10,"minecraft:interact_with_crafting_table":21,"minecraft:open_barrel":2,"minecraft:interact_with_loom":2,"minecraft:leave_game":1,"minecraft:time_since_death":38538,"minecraft:climb_one_cm":10817,"minecraft:time_since_rest":38584,"minecraft:sprint_one_cm":189403,"minecraft:damage_taken":900,"minecraft:walk_one_cm":417618,"minecraft:drop":6,"minecraft:damage_dealt":2015,"minecraft:swim_one_cm":85,"minecraft:talked_to_villager":7,"minecraft:fly_one_cm":221384,"minecraft:open_chest":35,"minecraft:crouch_one_cm":6757,"minecraft:play_time":81133,"minecraft:deaths":3,"minecraft:sneak_time":1267,"minecraft:walk_under_water_one_cm":5748,"minecraft:boat_one_cm":34817,"minecraft:jump":913,"minecraft:walk_on_water_one_cm":2345,"minecraft:total_world_time":81133,"minecraft:fall_one_cm":21632},"minecraft:dropped":{"minecraft:cooked_chicken":3,"minecraft:feather":1,"gravestone:obituary":4},"minecraft:crafted":{"minecraft:cooked_beef":8,"minecraft:cooked_porkchop":7,"butchersdelight:hook":1,"minecraft:crafting_table":1,"minecraft:iron_nugget":9,"minecraft:spruce_planks":36,"minecraft:cooked_chicken":3,"minecraft:wooden_pickaxe":1,"minecraft:iron_sword":1,"minecraft:furnace":2,"butchersdelight:cleaver":1,"minecraft:cooked_mutton":7,"minecraft:air":0,"minecraft:diamond_pickaxe":1,"minecraft:stick":20,"minecraft:iron_ingot":51,"minecraft:iron_pickaxe":3,"minecraft:stone_pickaxe":1,"minecraft:chest":2,"minecraft:dark_oak_planks":24,"minecraft:torch":8}},"DataVersion":3465}