{"stats":{"minecraft:used":{"minecraft:stone_pickaxe":43,"minecraft:iron_pickaxe":180,"minecraft:spruce_planks":9,"minecraft:wooden_pickaxe":3,"minecraft:crafting_table":2,"minecraft:furnace":1,"minecraft:tuff":8},"minecraft:mined":{"realmrpg_skeletons:waterdrop_skeleton":1,"minecraft:tuff":8,"minecraft:furnace":1,"minecraft:iron_ore":43,"minecraft:spruce_log":10,"minecraft:dark_oak_log":6,"minecraft:crafting_table":2,"minecraft:glow_lichen":1,"gravestone:gravestone":2,"biomesoplenty:bush":1,"minecraft:grass":2,"minecraft:emerald_ore":4,"minecraft:coal_ore":29,"minecraft:deepslate_iron_ore":8,"mekanism:tin_ore":1,"minecraft:gravel":2,"roost:flatstoneblock":1,"minecraft:copper_ore":3,"minecraft:cobblestone":1,"minecraft:deepslate_coal_ore":2,"minecraft:stone":116,"minecraft:moss_block":1},"minecraft:killed_by":{"alexsmobs:bald_eagle":1,"minecraft:zombie":1},"minecraft:picked_up":{"minecraft:raw_iron":51,"minecraft:crafting_table":2,"minecraft:iron_chestplate":1,"minecraft:water_bucket":1,"minecraft:gravel":2,"minecraft:tuff":8,"gravestone:obituary":3,"minecraft:spruce_log":9,"mekanism:raw_tin":1,"minecraft:dark_oak_log":6,"minecraft:raw_copper":14,"minecraft:iron_leggings":1,"minecraft:bone":1,"minecraft:wheat_seeds":1,"minecraft:iron_helmet":1,"minecraft:emerald":4,"minecraft:moss_block":1,"minecraft:coal":30,"minecraft:iron_boots":1,"minecraft:cobblestone":117,"minecraft:furnace":1},"minecraft:custom":{"minecraft:time_since_rest":2584,"minecraft:interact_with_furnace":5,"minecraft:sprint_one_cm":56893,"minecraft:damage_taken":766,"minecraft:walk_one_cm":196772,"minecraft:drop":4,"minecraft:damage_dealt":152,"minecraft:interact_with_crafting_table":5,"minecraft:fly_one_cm":83988,"minecraft:crouch_one_cm":6157,"minecraft:play_time":45133,"minecraft:deaths":3,"minecraft:sneak_time":904,"minecraft:walk_under_water_one_cm":5136,"minecraft:jump":509,"minecraft:leave_game":1,"minecraft:walk_on_water_one_cm":257,"minecraft:time_since_death":2538,"minecraft:total_world_time":45133,"minecraft:fall_one_cm":12282},"minecraft:dropped":{"gravestone:obituary":4},"minecraft:crafted":{"minecraft:crafting_table":1,"minecraft:spruce_planks":36,"minecraft:stick":8,"minecraft:wooden_pickaxe":1,"minecraft:iron_ingot":7,"minecraft:iron_pickaxe":1,"minecraft:stone_pickaxe":1,"minecraft:furnace":1,"minecraft:air":0}},"DataVersion":3465}