{"stats":{"minecraft:custom":{"minecraft:mob_kills":32,"minecraft:interact_with_anvil":1,"minecraft:interact_with_crafting_table":40,"minecraft:open_barrel":6,"minecraft:leave_game":2,"minecraft:time_since_death":67369,"minecraft:climb_one_cm":11629,"minecraft:sprint_one_cm":565089,"minecraft:walk_one_cm":1432442,"minecraft:drop":29,"minecraft:talked_to_villager":7,"minecraft:play_time":282836,"minecraft:deaths":5,"minecraft:sneak_time":3428,"minecraft:walk_under_water_one_cm":7046,"minecraft:boat_one_cm":34817,"minecraft:jump":3229,"minecraft:walk_on_water_one_cm":4702,"minecraft:total_world_time":282836,"minecraft:interact_with_furnace":59,"minecraft:interact_with_loom":2,"minecraft:sleep_in_bed":6,"minecraft:time_since_rest":25864,"minecraft:damage_taken":3692,"minecraft:damage_dealt":6102,"minecraft:swim_one_cm":85,"minecraft:fly_one_cm":840009,"minecraft:open_chest":200,"minecraft:crouch_one_cm":20645,"minecraft:fall_one_cm":84393},"minecraft:killed":{"minecraft:allay":1,"minecraft:spider":2,"naturalist:snail":1,"minecraft:skeleton":8,"minecraft:bee":3,"alexsmobs:bison":1,"minecraft:sheep":4,"minecraft:zombie":11},"minecraft:crafted":{"minecraft:oak_planks":16,"minecraft:iron_nugget":9,"minecraft:cooked_chicken":3,"minecraft:furnace":2,"minecraft:bone_meal":63,"minecraft:cooked_mutton":7,"minecraft:glass":19,"travelersbackpack:white_sleeping_bag":1,"minecraft:stone_pickaxe":1,"minecraft:chest":9,"minecraft:netherite_scrap":1,"minecraft:dark_oak_planks":24,"minecraft:cooked_beef":27,"minecraft:cooked_porkchop":7,"butchersdelight:hook":1,"minecraft:crafting_table":2,"minecraft:spruce_planks":92,"travelersbackpack:backpack_tank":2,"minecraft:wooden_pickaxe":1,"travelersbackpack:standard":1,"minecraft:iron_sword":1,"butchersdelight:cleaver":1,"minecraft:air":0,"minecraft:diamond_pickaxe":1,"minecraft:stick":48,"minecraft:iron_ingot":71,"minecraft:iron_pickaxe":6,"minecraft:iron_shovel":2,"minecraft:gold_ingot":4,"minecraft:torch":40},"minecraft:dropped":{"minecraft:cooked_beef":1,"minecraft:mossy_cobblestone":2,"minecraft:feather":1,"minecraft:cobblestone":2,"minecraft:stick":2,"gravestone:obituary":4,"minecraft:dark_oak_planks":5,"minecraft:string":1,"minecraft:tripwire_hook":2,"minecraft:bone":4,"minecraft:cooked_chicken":3,"minecraft:rotten_flesh":8,"minecraft:pumpkin_seeds":18,"minecraft:suspicious_stew":1,"minecraft:beetroot_seeds":3,"minecraft:melon_seeds":11,"minecraft:spider_eye":1,"minecraft:stone_brick_stairs":1},"minecraft:broken":{"minecraft:iron_pickaxe":4},"minecraft:used":{"minecraft:cherry_sapling":4,"minecraft:iron_shovel":358,"minecraft:flint_and_steel":1,"minecraft:spruce_planks":15,"minecraft:chest":18,"minecraft:iron_sword":332,"butchersdelight:hook":3,"minecraft:torch":34,"minecraft:dirt":194,"minecraft:tuff":8,"minecraft:obsidian":10,"butchersdelight:cleaver":1,"minecraft:bricks":1,"minecraft:iron_axe":273,"biomesoplenty:tall_lavender":3,"biomesoplenty:jacaranda_sapling":1,"minecraft:bow":4,"minecraft:dark_oak_boat":1,"minecraft:sweet_berries":26,"minecraft:furnace":5,"minecraft:cooked_beef":17,"minecraft:cooked_mutton":1,"epicfight:skillbook":1,"minecraft:stone_pickaxe":44,"minecraft:wooden_pickaxe":3,"biomesoplenty:lavender":17,"butchersdelight:skullcow":2,"minecraft:crafting_table":5,"minecraft:diamond_pickaxe":177,"minecraft:bread":3,"minecraft:iron_pickaxe":1346,"minecraft:cobblestone":177,"travelersbackpack:standard":5,"minecraft:cooked_porkchop":7,"minecraft:yellow_bed":7,"minecraft:bone_meal":11,"minecraft:kelp":1},"minecraft:mined":{"realmrpg_skeletons:waterdrop_skeleton":1,"minecraft:tuff":8,"minecraft:mossy_cobblestone":4,"minecraft:cherry_sapling":1,"minecraft:sculk_vein":4,"minecraft:cherry_log":54,"minecraft:dark_oak_log":6,"mekanism:deepslate_osmium_ore":2,"gravestone:gravestone":4,"minecraft:glow_lichen":1,"biomesoplenty:bush":1,"minecraft:grass_block":168,"minecraft:cracked_polished_blackstone_bricks":3,"biomesoplenty:flowering_oak_leaves":10,"roost:flatstoneblock":2,"minecraft:spruce_leaves":16,"minecraft:moss_block":1,"minecraft:polished_blackstone_bricks":8,"biomesoplenty:jacaranda_log":20,"minecraft:magma_block":2,"minecraft:redstone_ore":5,"biomesoplenty:tall_lavender":7,"minecraft:furnace":3,"minecraft:iron_ore":63,"biomesoplenty:lavender":59,"minecraft:target":2,"minecraft:deepslate_lapis_ore":4,"minecraft:fletching_table":1,"biomesoplenty:flesh":3,"minecraft:peony":1,"minecraft:sculk_shrieker":1,"minecraft:cave_vines":1,"minecraft:deepslate_iron_ore":8,"biomesoplenty:barley":206,"butchersdelight:skullcow":2,"minecraft:bamboo":1,"minecraft:stone":561,"minecraft:tripwire":3,"biomesoplenty:jacaranda_leaves":53,"minecraft:scaffolding":1,"mekanism:osmium_ore":12,"minecraft:blackstone":13,"minecraft:crafting_table":3,"minecraft:emerald_ore":4,"minecraft:polished_andesite_stairs":3,"minecraft:chest":10,"minecraft:rose_bush":1,"mekanism:tin_ore":1,"minecraft:sculk_sensor":1,"minecraft:stone_slab":2,"minecraft:nether_quartz_ore":23,"realmrpg_skeletons:thief_skeleton":1,"minecraft:tall_grass":6,"minecraft:copper_ore":3,"minecraft:cobblestone":29,"minecraft:deepslate_coal_ore":2,"biomesoplenty:sprout":1,"minecraft:deepslate_gold_ore":7,"minecraft:bricks":1,"minecraft:sculk":1,"minecraft:wall_torch":1,"minecraft:pink_petals":16,"minecraft:white_terracotta":16,"minecraft:coarse_dirt":1,"betterarcheology:loot_vase_creeper":4,"minecraft:sweet_berry_bush":6,"minecraft:spruce_log":24,"minecraft:bee_nest":1,"minecraft:yellow_bed":7,"minecraft:stone_brick_stairs":1,"betterarcheology:loot_vase_green":5,"biomesoplenty:clover":10,"minecraft:grass":187,"minecraft:oak_log":42,"butchersdelight:hook":3,"minecraft:coal_ore":46,"mekanism:lead_ore":1,"minecraft:oak_fence_gate":1,"betterarcheology:evoker_trap":1,"minecraft:cherry_leaves":22,"minecraft:smooth_quartz":172,"minecraft:gravel":9,"minecraft:sand":19,"minecraft:dirt":95,"minecraft:cobweb":1,"mekanism:deepslate_uranium_ore":2,"minecraft:tripwire_hook":2,"minecraft:polished_andesite":3,"minecraft:ancient_debris":1,"minecraft:netherrack":466,"minecraft:oak_leaves":26,"minecraft:deepslate":15},"minecraft:picked_up":{"minecraft:iron_chestplate":1,"minecraft:crafting_table":3,"minecraft:coarse_dirt":7,"minecraft:chicken":3,"minecraft:suspicious_stew":1,"mekanism:raw_uranium":2,"biomesoplenty:flesh":1,"minecraft:stone_slab":2,"biomesoplenty:jacaranda_sapling":4,"gravestone:obituary":3,"minecraft:stone_brick_stairs":1,"minecraft:string":3,"minecraft:raw_copper":14,"minecraft:iron_leggings":1,"biomesoplenty:tall_lavender":7,"minecraft:blackstone":13,"butchersdelight:dead_cow":10,"minecraft:cobbled_deepslate":12,"minecraft:beef":27,"minecraft:rose_bush":1,"minecraft:smooth_quartz":170,"minecraft:chest":10,"minecraft:egg":2,"minecraft:iron_boots":1,"minecraft:furnace":3,"minecraft:stick":9,"minecraft:raw_iron":71,"minecraft:torch":2,"epicfight:skillbook":2,"minecraft:porkchop":7,"minecraft:polished_blackstone_bricks":8,"minecraft:target":2,"minecraft:cherry_log":54,"minecraft:redstone":29,"mekanism:raw_tin":1,"butchersdelight:deadsheep":4,"minecraft:arrow":7,"minecraft:rotten_flesh":18,"biomesoplenty:jacaranda_log":20,"minecraft:beetroot_seeds":3,"minecraft:peony":1,"minecraft:gold_ingot":1,"minecraft:white_terracotta":15,"minecraft:mutton":8,"minecraft:white_wool":4,"alexsmobs:flying_fish":2,"minecraft:cobblestone":578,"biomesoplenty:lavender":63,"minecraft:pink_petals":44,"minecraft:feather":7,"minecraft:cooked_beef":1,"mekanism:raw_lead":1,"minecraft:glow_ink_sac":3,"minecraft:tripwire_hook":3,"minecraft:water_bucket":1,"minecraft:potato":10,"minecraft:flint":1,"butchersdelight:deadpig":2,"minecraft:tuff":8,"minecraft:oak_log":42,"minecraft:ancient_debris":1,"minecraft:yellow_bed":7,"minecraft:gunpowder":2,"minecraft:lapis_lazuli":29,"minecraft:dirt":283,"butchersdelight:deadchiken":3,"minecraft:bone":26,"minecraft:kelp":1,"minecraft:wheat_seeds":53,"minecraft:raw_gold":7,"minecraft:oak_fence_gate":2,"minecraft:fletching_table":1,"minecraft:bamboo":5,"minecraft:moss_block":1,"minecraft:scaffolding":1,"minecraft:sweet_berries":13,"minecraft:quartz":22,"butchersdelight:cow_hide":5,"butchersdelight:skullcow":8,"minecraft:gravel":8,"minecraft:sand":19,"minecraft:spruce_log":23,"mekanism:raw_osmium":14,"minecraft:spider_eye":1,"minecraft:dark_oak_log":6,"minecraft:mossy_cobblestone":3,"biomesoplenty:flowering_oak_sapling":1,"butchersdelight:sheephide":2,"minecraft:pumpkin_seeds":18,"minecraft:cracked_polished_blackstone_bricks":3,"minecraft:iron_helmet":1,"minecraft:cherry_sapling":7,"minecraft:emerald":4,"minecraft:oak_sapling":1,"butchersdelight:hook":3,"minecraft:netherrack":448,"minecraft:melon_seeds":11,"minecraft:bricks":2,"minecraft:coal":61},"minecraft:killed_by":{"alexsmobs:bald_eagle":1,"minecraft:warden":1,"minecraft:zombie":1}},"DataVersion":3465}