{"stats":{"minecraft:used":{"minecraft:stone_pickaxe":37,"minecraft:iron_pickaxe":42,"minecraft:spruce_planks":5,"minecraft:wooden_pickaxe":3,"minecraft:crafting_table":2,"minecraft:furnace":1},"minecraft:mined":{"minecraft:iron_ore":13,"minecraft:spruce_log":10,"minecraft:dark_oak_log":6,"minecraft:glow_lichen":1,"minecraft:crafting_table":1,"minecraft:emerald_ore":2,"minecraft:grass":1,"minecraft:coal_ore":29,"minecraft:deepslate_coal_ore":1,"minecraft:stone":36},"minecraft:killed_by":{"minecraft:zombie":1},"minecraft:picked_up":{"minecraft:iron_chestplate":1,"minecraft:raw_iron":13,"minecraft:crafting_table":1,"gravestone:obituary":3,"minecraft:spruce_log":9,"minecraft:dark_oak_log":6,"minecraft:iron_leggings":1,"minecraft:iron_helmet":1,"minecraft:emerald":2,"minecraft:coal":29,"minecraft:iron_boots":1,"minecraft:cobblestone":36},"minecraft:custom":{"minecraft:time_since_rest":15744,"minecraft:interact_with_furnace":5,"minecraft:sprint_one_cm":32798,"minecraft:damage_taken":550,"minecraft:walk_one_cm":72902,"minecraft:drop":4,"minecraft:damage_dealt":19,"minecraft:interact_with_crafting_table":5,"minecraft:fly_one_cm":41405,"minecraft:crouch_one_cm":2179,"minecraft:play_time":33525,"minecraft:deaths":2,"minecraft:sneak_time":378,"minecraft:jump":240,"minecraft:time_since_death":15681,"minecraft:total_world_time":33525,"minecraft:fall_one_cm":4635},"minecraft:dropped":{"gravestone:obituary":4},"minecraft:crafted":{"minecraft:crafting_table":1,"minecraft:spruce_planks":36,"minecraft:stick":8,"minecraft:iron_ingot":6,"minecraft:wooden_pickaxe":1,"minecraft:iron_pickaxe":1,"minecraft:stone_pickaxe":1,"minecraft:furnace":1,"minecraft:air":0}},"DataVersion":3465}