{"stats":{"minecraft:custom":{"minecraft:mob_kills":20,"minecraft:interact_with_anvil":1,"minecraft:interact_with_crafting_table":26,"minecraft:open_barrel":6,"minecraft:leave_game":2,"minecraft:time_since_death":102241,"minecraft:climb_one_cm":11629,"minecraft:sprint_one_cm":305054,"minecraft:walk_one_cm":636559,"minecraft:drop":27,"minecraft:talked_to_villager":7,"minecraft:play_time":144836,"minecraft:deaths":3,"minecraft:sneak_time":2098,"minecraft:walk_under_water_one_cm":5748,"minecraft:boat_one_cm":34817,"minecraft:jump":1654,"minecraft:walk_on_water_one_cm":3572,"minecraft:total_world_time":144836,"minecraft:interact_with_furnace":32,"minecraft:interact_with_loom":2,"minecraft:sleep_in_bed":2,"minecraft:time_since_rest":41819,"minecraft:damage_taken":1557,"minecraft:damage_dealt":4562,"minecraft:swim_one_cm":85,"minecraft:fly_one_cm":479756,"minecraft:open_chest":56,"minecraft:crouch_one_cm":12443,"minecraft:fall_one_cm":50954},"minecraft:killed":{"minecraft:allay":1,"minecraft:spider":2,"naturalist:snail":1,"minecraft:skeleton":4,"alexsmobs:bison":1,"minecraft:sheep":3,"minecraft:zombie":7},"minecraft:crafted":{"minecraft:iron_nugget":9,"minecraft:cooked_chicken":3,"minecraft:furnace":2,"minecraft:cooked_mutton":7,"minecraft:stone_pickaxe":1,"minecraft:chest":4,"minecraft:dark_oak_planks":24,"minecraft:cooked_beef":14,"minecraft:cooked_porkchop":7,"butchersdelight:hook":1,"minecraft:crafting_table":1,"minecraft:spruce_planks":52,"minecraft:wooden_pickaxe":1,"minecraft:iron_sword":1,"butchersdelight:cleaver":1,"minecraft:air":0,"minecraft:diamond_pickaxe":1,"minecraft:stick":20,"minecraft:iron_ingot":51,"minecraft:iron_pickaxe":3,"minecraft:torch":8},"minecraft:dropped":{"minecraft:mossy_cobblestone":2,"minecraft:feather":1,"minecraft:cobblestone":2,"minecraft:stick":2,"gravestone:obituary":4,"minecraft:dark_oak_planks":5,"minecraft:string":1,"minecraft:tripwire_hook":2,"minecraft:bone":3,"minecraft:cooked_chicken":3,"minecraft:rotten_flesh":8,"minecraft:pumpkin_seeds":18,"minecraft:suspicious_stew":1,"minecraft:beetroot_seeds":3,"minecraft:melon_seeds":11,"minecraft:spider_eye":1,"minecraft:stone_brick_stairs":1},"minecraft:used":{"minecraft:spruce_planks":12,"minecraft:chest":6,"minecraft:iron_sword":100,"butchersdelight:hook":3,"minecraft:torch":2,"minecraft:tuff":8,"butchersdelight:cleaver":1,"minecraft:bricks":1,"minecraft:iron_axe":55,"minecraft:bow":4,"minecraft:dark_oak_boat":1,"minecraft:sweet_berries":26,"minecraft:furnace":3,"minecraft:cooked_beef":1,"minecraft:cooked_mutton":1,"epicfight:skillbook":1,"minecraft:stone_pickaxe":44,"minecraft:wooden_pickaxe":3,"butchersdelight:skullcow":2,"minecraft:crafting_table":3,"minecraft:bread":3,"minecraft:iron_pickaxe":298,"minecraft:cobblestone":85,"minecraft:cooked_porkchop":7,"minecraft:yellow_bed":3,"minecraft:kelp":1},"minecraft:mined":{"realmrpg_skeletons:waterdrop_skeleton":1,"minecraft:tuff":8,"minecraft:mossy_cobblestone":4,"minecraft:dark_oak_log":6,"gravestone:gravestone":2,"minecraft:glow_lichen":1,"biomesoplenty:bush":1,"roost:flatstoneblock":1,"minecraft:spruce_leaves":16,"minecraft:moss_block":1,"biomesoplenty:tall_lavender":1,"minecraft:furnace":1,"minecraft:iron_ore":43,"biomesoplenty:lavender":10,"minecraft:target":2,"minecraft:fletching_table":1,"minecraft:cave_vines":1,"minecraft:deepslate_iron_ore":8,"butchersdelight:skullcow":2,"minecraft:stone":134,"minecraft:tripwire":3,"minecraft:scaffolding":1,"minecraft:crafting_table":2,"minecraft:emerald_ore":4,"minecraft:polished_andesite_stairs":3,"minecraft:chest":2,"mekanism:tin_ore":1,"minecraft:stone_slab":2,"minecraft:tall_grass":6,"minecraft:copper_ore":3,"minecraft:cobblestone":24,"minecraft:deepslate_coal_ore":2,"minecraft:bricks":1,"minecraft:wall_torch":1,"minecraft:white_terracotta":16,"minecraft:coarse_dirt":1,"betterarcheology:loot_vase_creeper":4,"minecraft:sweet_berry_bush":6,"minecraft:spruce_log":24,"minecraft:yellow_bed":3,"minecraft:stone_brick_stairs":1,"betterarcheology:loot_vase_green":5,"minecraft:grass":16,"minecraft:oak_log":4,"butchersdelight:hook":2,"minecraft:coal_ore":31,"minecraft:oak_fence_gate":1,"betterarcheology:evoker_trap":1,"minecraft:gravel":2,"minecraft:dirt":2,"minecraft:cobweb":1,"minecraft:tripwire_hook":2,"minecraft:polished_andesite":3,"minecraft:oak_leaves":13},"minecraft:picked_up":{"minecraft:iron_chestplate":1,"minecraft:crafting_table":2,"minecraft:coarse_dirt":7,"minecraft:chicken":3,"minecraft:suspicious_stew":1,"minecraft:stone_slab":2,"gravestone:obituary":3,"minecraft:stone_brick_stairs":1,"minecraft:string":3,"minecraft:raw_copper":14,"minecraft:iron_leggings":1,"biomesoplenty:tall_lavender":1,"butchersdelight:dead_cow":9,"minecraft:beef":27,"minecraft:chest":2,"minecraft:egg":2,"minecraft:iron_boots":1,"minecraft:furnace":1,"minecraft:stick":2,"minecraft:raw_iron":51,"minecraft:torch":1,"epicfight:skillbook":1,"minecraft:porkchop":7,"minecraft:target":2,"minecraft:redstone":7,"mekanism:raw_tin":1,"butchersdelight:deadsheep":3,"minecraft:arrow":3,"minecraft:rotten_flesh":15,"minecraft:beetroot_seeds":3,"minecraft:white_terracotta":15,"minecraft:mutton":8,"minecraft:white_wool":3,"alexsmobs:flying_fish":2,"minecraft:cobblestone":157,"biomesoplenty:lavender":19,"minecraft:feather":7,"minecraft:tripwire_hook":3,"minecraft:water_bucket":1,"minecraft:potato":10,"butchersdelight:deadpig":2,"minecraft:tuff":8,"minecraft:oak_log":4,"minecraft:yellow_bed":3,"minecraft:gunpowder":2,"minecraft:dirt":25,"butchersdelight:deadchiken":3,"minecraft:bone":20,"minecraft:kelp":1,"minecraft:wheat_seeds":6,"minecraft:oak_fence_gate":2,"minecraft:fletching_table":1,"minecraft:moss_block":1,"minecraft:scaffolding":1,"minecraft:sweet_berries":13,"butchersdelight:cow_hide":5,"butchersdelight:skullcow":8,"minecraft:gravel":2,"minecraft:spruce_log":23,"minecraft:spider_eye":1,"minecraft:dark_oak_log":6,"minecraft:mossy_cobblestone":3,"butchersdelight:sheephide":2,"minecraft:pumpkin_seeds":18,"minecraft:iron_helmet":1,"minecraft:emerald":4,"minecraft:oak_sapling":1,"butchersdelight:hook":2,"minecraft:melon_seeds":11,"minecraft:bricks":2,"minecraft:coal":45},"minecraft:killed_by":{"alexsmobs:bald_eagle":1,"minecraft:zombie":1}},"DataVersion":3465}