{"stats":{"minecraft:custom":{"minecraft:mob_kills":21,"minecraft:interact_with_anvil":1,"minecraft:interact_with_crafting_table":29,"minecraft:open_barrel":6,"minecraft:leave_game":2,"minecraft:time_since_death":126241,"minecraft:climb_one_cm":11629,"minecraft:sprint_one_cm":349436,"minecraft:walk_one_cm":795378,"minecraft:drop":27,"minecraft:talked_to_villager":7,"minecraft:play_time":168836,"minecraft:deaths":3,"minecraft:sneak_time":2848,"minecraft:walk_under_water_one_cm":7046,"minecraft:boat_one_cm":34817,"minecraft:jump":2048,"minecraft:walk_on_water_one_cm":4702,"minecraft:total_world_time":168836,"minecraft:interact_with_furnace":39,"minecraft:interact_with_loom":2,"minecraft:sleep_in_bed":3,"minecraft:time_since_rest":12940,"minecraft:damage_taken":1789,"minecraft:damage_dealt":4742,"minecraft:swim_one_cm":85,"minecraft:fly_one_cm":561683,"minecraft:open_chest":105,"minecraft:crouch_one_cm":17518,"minecraft:fall_one_cm":60382},"minecraft:killed":{"minecraft:allay":1,"minecraft:spider":2,"naturalist:snail":1,"minecraft:skeleton":4,"alexsmobs:bison":1,"minecraft:sheep":4,"minecraft:zombie":7},"minecraft:crafted":{"minecraft:iron_nugget":9,"minecraft:cooked_chicken":3,"minecraft:furnace":2,"minecraft:cooked_mutton":7,"travelersbackpack:white_sleeping_bag":1,"minecraft:stone_pickaxe":1,"minecraft:chest":8,"minecraft:dark_oak_planks":24,"minecraft:cooked_beef":27,"minecraft:cooked_porkchop":7,"butchersdelight:hook":1,"minecraft:crafting_table":2,"minecraft:spruce_planks":92,"minecraft:wooden_pickaxe":1,"minecraft:iron_sword":1,"butchersdelight:cleaver":1,"minecraft:air":0,"minecraft:diamond_pickaxe":1,"minecraft:stick":20,"minecraft:iron_ingot":51,"minecraft:iron_pickaxe":3,"minecraft:gold_ingot":4,"minecraft:torch":8},"minecraft:dropped":{"minecraft:mossy_cobblestone":2,"minecraft:feather":1,"minecraft:cobblestone":2,"minecraft:stick":2,"gravestone:obituary":4,"minecraft:dark_oak_planks":5,"minecraft:string":1,"minecraft:tripwire_hook":2,"minecraft:bone":3,"minecraft:cooked_chicken":3,"minecraft:rotten_flesh":8,"minecraft:pumpkin_seeds":18,"minecraft:suspicious_stew":1,"minecraft:beetroot_seeds":3,"minecraft:melon_seeds":11,"minecraft:spider_eye":1,"minecraft:stone_brick_stairs":1},"minecraft:used":{"minecraft:cherry_sapling":2,"minecraft:spruce_planks":15,"minecraft:chest":18,"minecraft:iron_sword":100,"butchersdelight:hook":3,"minecraft:torch":4,"minecraft:dirt":60,"minecraft:tuff":8,"butchersdelight:cleaver":1,"minecraft:bricks":1,"minecraft:iron_axe":107,"minecraft:bow":4,"minecraft:dark_oak_boat":1,"minecraft:sweet_berries":26,"minecraft:furnace":5,"minecraft:cooked_beef":5,"minecraft:cooked_mutton":1,"epicfight:skillbook":1,"minecraft:stone_pickaxe":44,"minecraft:wooden_pickaxe":3,"butchersdelight:skullcow":2,"minecraft:crafting_table":5,"minecraft:bread":3,"minecraft:iron_pickaxe":325,"minecraft:cobblestone":137,"minecraft:cooked_porkchop":7,"minecraft:yellow_bed":4,"minecraft:kelp":1},"minecraft:mined":{"realmrpg_skeletons:waterdrop_skeleton":1,"minecraft:tuff":8,"minecraft:mossy_cobblestone":4,"minecraft:cherry_log":20,"minecraft:dark_oak_log":6,"gravestone:gravestone":2,"minecraft:glow_lichen":1,"biomesoplenty:bush":1,"minecraft:grass_block":12,"roost:flatstoneblock":1,"minecraft:spruce_leaves":16,"minecraft:moss_block":1,"biomesoplenty:tall_lavender":1,"minecraft:furnace":3,"minecraft:iron_ore":43,"biomesoplenty:lavender":10,"minecraft:target":2,"minecraft:fletching_table":1,"minecraft:cave_vines":1,"minecraft:deepslate_iron_ore":8,"biomesoplenty:barley":19,"butchersdelight:skullcow":2,"minecraft:stone":145,"minecraft:tripwire":3,"minecraft:scaffolding":1,"minecraft:crafting_table":3,"minecraft:emerald_ore":4,"minecraft:polished_andesite_stairs":3,"minecraft:chest":10,"mekanism:tin_ore":1,"minecraft:stone_slab":2,"minecraft:tall_grass":6,"minecraft:copper_ore":3,"minecraft:cobblestone":29,"minecraft:deepslate_coal_ore":2,"minecraft:bricks":1,"minecraft:wall_torch":1,"minecraft:white_terracotta":16,"minecraft:coarse_dirt":1,"betterarcheology:loot_vase_creeper":4,"minecraft:sweet_berry_bush":6,"minecraft:spruce_log":24,"minecraft:yellow_bed":4,"minecraft:stone_brick_stairs":1,"betterarcheology:loot_vase_green":5,"minecraft:grass":25,"minecraft:oak_log":4,"butchersdelight:hook":3,"minecraft:coal_ore":38,"minecraft:oak_fence_gate":1,"betterarcheology:evoker_trap":1,"minecraft:cherry_leaves":9,"minecraft:gravel":2,"minecraft:sand":7,"minecraft:dirt":60,"minecraft:cobweb":1,"minecraft:tripwire_hook":2,"minecraft:polished_andesite":3,"minecraft:oak_leaves":13},"minecraft:picked_up":{"minecraft:iron_chestplate":1,"minecraft:crafting_table":3,"minecraft:coarse_dirt":7,"minecraft:chicken":3,"minecraft:suspicious_stew":1,"minecraft:stone_slab":2,"gravestone:obituary":3,"minecraft:stone_brick_stairs":1,"minecraft:string":3,"minecraft:raw_copper":14,"minecraft:iron_leggings":1,"biomesoplenty:tall_lavender":1,"butchersdelight:dead_cow":10,"minecraft:beef":27,"minecraft:chest":10,"minecraft:egg":2,"minecraft:iron_boots":1,"minecraft:furnace":3,"minecraft:stick":2,"minecraft:raw_iron":51,"minecraft:torch":1,"epicfight:skillbook":1,"minecraft:porkchop":7,"minecraft:target":2,"minecraft:cherry_log":20,"minecraft:redstone":7,"mekanism:raw_tin":1,"butchersdelight:deadsheep":4,"minecraft:arrow":3,"minecraft:rotten_flesh":15,"minecraft:beetroot_seeds":3,"minecraft:white_terracotta":15,"minecraft:mutton":8,"minecraft:white_wool":4,"alexsmobs:flying_fish":2,"minecraft:cobblestone":173,"biomesoplenty:lavender":19,"minecraft:feather":7,"minecraft:tripwire_hook":3,"minecraft:water_bucket":1,"minecraft:potato":10,"butchersdelight:deadpig":2,"minecraft:tuff":8,"minecraft:oak_log":4,"minecraft:yellow_bed":4,"minecraft:gunpowder":2,"minecraft:dirt":95,"butchersdelight:deadchiken":3,"minecraft:bone":20,"minecraft:kelp":1,"minecraft:wheat_seeds":7,"minecraft:oak_fence_gate":2,"minecraft:fletching_table":1,"minecraft:moss_block":1,"minecraft:scaffolding":1,"minecraft:sweet_berries":13,"butchersdelight:cow_hide":5,"butchersdelight:skullcow":8,"minecraft:gravel":2,"minecraft:sand":7,"minecraft:spruce_log":23,"minecraft:spider_eye":1,"minecraft:dark_oak_log":6,"minecraft:mossy_cobblestone":3,"butchersdelight:sheephide":2,"minecraft:pumpkin_seeds":18,"minecraft:iron_helmet":1,"minecraft:cherry_sapling":2,"minecraft:emerald":4,"minecraft:oak_sapling":1,"butchersdelight:hook":3,"minecraft:melon_seeds":11,"minecraft:bricks":2,"minecraft:coal":52},"minecraft:killed_by":{"alexsmobs:bald_eagle":1,"minecraft:zombie":1}},"DataVersion":3465}