{"stats":{"minecraft:used":{"minecraft:dirt":2},"minecraft:mined":{"minecraft:grass":3,"biomesoplenty:bush":1,"biomesoplenty:jacaranda_leaves":1,"minecraft:grass_block":1,"botania:magenta_mystical_flower":2,"minecraft:dirt":1,"minecraft:kelp_plant":15,"biomesoplenty:lavender":2,"minecraft:kelp":9,"minecraft:oak_leaves":1,"minecraft:oak_log":8,"minecraft:tall_seagrass":9,"botania:magenta_double_flower":1,"minecraft:seagrass":16},"minecraft:killed_by":{"minecraft:skeleton":1},"minecraft:killed":{"minecraft:spider":1,"alexsmobs:fly":1},"minecraft:picked_up":{"biomesoplenty:lavender":2,"botania:magenta_mystical_flower":1,"minecraft:kelp":25,"minecraft:wheat_seeds":2,"botania:orange_mystical_flower":1,"minecraft:oak_log":8,"gravestone:obituary":1,"botania:magenta_double_flower":1,"minecraft:dirt":2,"minecraft:string":2},"minecraft:custom":{"minecraft:play_time":14781,"minecraft:time_since_rest":981,"minecraft:walk_one_cm":78532,"minecraft:sprint_one_cm":60,"minecraft:sneak_time":105,"minecraft:deaths":2,"minecraft:walk_under_water_one_cm":35528,"minecraft:mob_kills":2,"minecraft:drop":1,"minecraft:jump":148,"minecraft:damage_dealt":295,"minecraft:leave_game":1,"minecraft:time_since_death":942,"minecraft:walk_on_water_one_cm":74087,"minecraft:total_world_time":14781,"minecraft:fly_one_cm":577,"minecraft:fall_one_cm":8805,"minecraft:damage_taken":480},"minecraft:dropped":{"gravestone:obituary":1}},"DataVersion":3465}