{"stats":{"minecraft:used":{"minecraft:moss_block":3,"minecraft:stone_pickaxe":29,"minecraft:spruce_planks":10,"minecraft:wooden_pickaxe":10,"minecraft:rotten_flesh":2,"minecraft:mossy_cobblestone":2,"minecraft:wooden_sword":29,"minecraft:dirt":2,"minecraft:cobblestone":16,"minecraft:crafting_table":2},"minecraft:mined":{"minecraft:seagrass":16,"biomesoplenty:jacaranda_leaves":1,"minecraft:tall_seagrass":9,"botania:magenta_mystical_flower":2,"minecraft:mossy_cobblestone":2,"minecraft:kelp_plant":15,"biomesoplenty:lavender":2,"minecraft:spruce_log":6,"gravestone:gravestone":1,"butchersdelight:deadsheepblock":1,"mekanism:deepslate_osmium_ore":5,"minecraft:coal_ore":5,"minecraft:grass":3,"biomesoplenty:bush":1,"minecraft:grass_block":7,"minecraft:oak_log":12,"minecraft:dirt":2,"minecraft:cobblestone":22,"minecraft:deepslate_coal_ore":1,"minecraft:stone":1,"minecraft:moss_block":3,"minecraft:kelp":9,"minecraft:oak_leaves":1,"botania:magenta_double_flower":1},"minecraft:killed_by":{"minecraft:skeleton":2},"minecraft:killed":{"minecraft:sheep":1,"minecraft:skeleton":1,"minecraft:zombie":3,"minecraft:spider":1,"alexsmobs:fly":1},"minecraft:picked_up":{"biomesoplenty:lavender":2,"minecraft:oak_log":10,"gravestone:obituary":1,"minecraft:shield":1,"minecraft:spruce_log":6,"mekanism:raw_osmium":5,"minecraft:string":2,"minecraft:dirt":9,"minecraft:mossy_cobblestone":2,"minecraft:rotten_flesh":4,"butchersdelight:deadsheep":2,"botania:magenta_mystical_flower":1,"minecraft:kelp":25,"minecraft:wheat_seeds":2,"minecraft:iron_helmet":1,"botania:orange_mystical_flower":1,"minecraft:emerald":5,"minecraft:moss_block":3,"botania:magenta_double_flower":1,"minecraft:coal":5,"minecraft:iron_boots":1,"minecraft:white_wool":1,"minecraft:cobblestone":21},"minecraft:custom":{"minecraft:time_since_rest":5722,"minecraft:sprint_one_cm":26958,"minecraft:damage_taken":818,"minecraft:walk_one_cm":261671,"minecraft:mob_kills":7,"minecraft:drop":2,"minecraft:damage_dealt":782,"minecraft:interact_with_crafting_table":4,"minecraft:fly_one_cm":14920,"minecraft:open_chest":6,"minecraft:crouch_one_cm":397,"minecraft:play_time":38781,"minecraft:deaths":3,"minecraft:sneak_time":171,"minecraft:walk_under_water_one_cm":35528,"minecraft:jump":721,"minecraft:leave_game":1,"minecraft:walk_on_water_one_cm":74087,"minecraft:time_since_death":5628,"minecraft:total_world_time":38781,"minecraft:fall_one_cm":14682},"minecraft:dropped":{"butchersdelight:deadsheep":1,"gravestone:obituary":1}},"DataVersion":3465}