{"stats":{"minecraft:used":{"minecraft:moss_block":5,"minecraft:stone_pickaxe":132,"minecraft:spruce_planks":10,"minecraft:wooden_pickaxe":10,"minecraft:rotten_flesh":2,"minecraft:mossy_cobblestone":2,"minecraft:dirt":9,"minecraft:crafting_table":3,"minecraft:wooden_sword":29,"minecraft:cobblestone":16},"minecraft:mined":{"biomesoplenty:jacaranda_leaves":1,"mekanism:osmium_ore":2,"minecraft:mossy_cobblestone":2,"minecraft:kelp_plant":15,"mekanism:deepslate_osmium_ore":12,"butchersdelight:deadsheepblock":1,"gravestone:gravestone":1,"biomesoplenty:bush":1,"minecraft:grass_block":7,"minecraft:cobblestone":28,"minecraft:deepslate_coal_ore":6,"minecraft:moss_block":4,"minecraft:kelp":9,"minecraft:seagrass":16,"minecraft:tall_seagrass":9,"botania:magenta_mystical_flower":3,"minecraft:iron_ore":9,"biomesoplenty:lavender":2,"minecraft:spruce_log":6,"minecraft:grass":3,"minecraft:oak_log":12,"minecraft:coal_ore":59,"minecraft:deepslate_iron_ore":13,"minecraft:dirt":2,"minecraft:stone":4,"minecraft:oak_leaves":1,"botania:magenta_double_flower":2},"minecraft:killed_by":{"minecraft:skeleton":2,"minecraft:zombie":2},"minecraft:killed":{"minecraft:spider":1,"minecraft:sheep":1,"minecraft:skeleton":1,"minecraft:zombie":3,"alexsmobs:fly":1},"minecraft:picked_up":{"biomesoplenty:lavender":2,"minecraft:wooden_pickaxe":1,"minecraft:tuff":3,"minecraft:oak_log":10,"gravestone:obituary":1,"minecraft:shield":2,"minecraft:dirt":16,"minecraft:string":2,"minecraft:iron_axe":1,"minecraft:wooden_sword":1,"minecraft:iron_leggings":1,"minecraft:bone":1,"botania:magenta_mystical_flower":1,"minecraft:kelp":25,"minecraft:wheat_seeds":2,"minecraft:spruce_planks":10,"minecraft:stone_pickaxe":2,"minecraft:moss_block":6,"minecraft:iron_sword":1,"minecraft:iron_boots":2,"minecraft:raw_iron":44,"minecraft:spruce_log":6,"mekanism:raw_osmium":23,"minecraft:mossy_cobblestone":2,"minecraft:arrow":1,"butchersdelight:deadsheep":2,"minecraft:rotten_flesh":4,"botania:orange_mystical_flower":1,"minecraft:iron_helmet":2,"minecraft:emerald":5,"botania:magenta_double_flower":3,"minecraft:coal":123,"minecraft:white_wool":2,"minecraft:cobblestone":30},"minecraft:custom":{"minecraft:interact_with_furnace":9,"minecraft:mob_kills":7,"minecraft:interact_with_crafting_table":10,"minecraft:leave_game":1,"minecraft:time_since_death":17705,"minecraft:time_since_rest":20311,"minecraft:sprint_one_cm":31827,"minecraft:damage_taken":1303,"minecraft:walk_one_cm":466592,"minecraft:drop":5,"minecraft:damage_dealt":887,"minecraft:fly_one_cm":19000,"minecraft:open_chest":9,"minecraft:crouch_one_cm":397,"minecraft:play_time":68781,"minecraft:deaths":5,"minecraft:sneak_time":171,"minecraft:walk_under_water_one_cm":35528,"minecraft:jump":1319,"minecraft:walk_on_water_one_cm":74087,"minecraft:total_world_time":68781,"minecraft:fall_one_cm":26101},"minecraft:dropped":{"butchersdelight:deadsheep":1,"gravestone:obituary":1,"minecraft:iron_axe":1,"minecraft:stone_pickaxe":2},"minecraft:crafted":{"mekanism:ingot_osmium":0,"minecraft:iron_ingot":0}},"DataVersion":3465}