{"stats":{"minecraft:used":{"minecraft:grass_block":3},"minecraft:mined":{"minecraft:grass":4,"biomesoplenty:desert_grass":1,"botania:orange_mystical_flower":1},"minecraft:picked_up":{"minecraft:bone":2},"minecraft:killed":{"minecraft:skeleton":1,"minecraft:spider":1,"naturalist:butterfly":1},"minecraft:custom":{"minecraft:jump":81,"minecraft:open_chest":2,"minecraft:time_since_rest":41954,"minecraft:damage_dealt":380,"minecraft:damage_taken":140,"minecraft:leave_game":1,"minecraft:play_time":41954,"minecraft:sprint_one_cm":21322,"minecraft:time_since_death":41954,"minecraft:walk_one_cm":40207,"minecraft:total_world_time":41954,"minecraft:walk_under_water_one_cm":8935,"minecraft:mob_kills":3,"minecraft:fall_one_cm":476,"minecraft:fly_one_cm":360622,"minecraft:walk_on_water_one_cm":310}},"DataVersion":3465}