{"stats":{"minecraft:used":{"minecraft:grass_block":3,"minecraft:stone_pickaxe":39,"minecraft:wooden_pickaxe":30,"minecraft:stone_axe":1,"minecraft:spyglass":4,"minecraft:dirt":5,"minecraft:crafting_table":1},"minecraft:mined":{"botania:orange_mystical_flower":1,"minecraft:iron_ore":14,"biomesoplenty:desert_grass":1,"minecraft:crafting_table":1,"minecraft:grass":8,"minecraft:coal_ore":16,"minecraft:grass_block":4,"minecraft:oak_log":5,"minecraft:dirt":3,"minecraft:spruce_leaves":15,"biomesoplenty:sprout":1,"minecraft:stone":32},"minecraft:killed":{"minecraft:skeleton":1,"naturalist:butterfly":1,"minecraft:spider":1},"minecraft:picked_up":{"minecraft:crafting_table":1,"minecraft:stick":4,"minecraft:raw_iron":14,"minecraft:oak_log":5,"minecraft:spruce_sapling":1,"minecraft:dirt":7,"biomesoplenty:flowering_oak_sapling":1,"minecraft:bone":2,"minecraft:wheat_seeds":2,"minecraft:oak_sapling":2,"minecraft:coal":16,"minecraft:cobblestone":32},"minecraft:custom":{"minecraft:time_since_rest":1341,"minecraft:sprint_one_cm":54178,"minecraft:damage_taken":140,"minecraft:walk_one_cm":107244,"minecraft:mob_kills":3,"minecraft:damage_dealt":380,"minecraft:interact_with_crafting_table":3,"minecraft:fly_one_cm":476956,"minecraft:open_chest":3,"minecraft:crouch_one_cm":2532,"minecraft:play_time":232394,"minecraft:sneak_time":394,"minecraft:walk_under_water_one_cm":8935,"minecraft:jump":308,"minecraft:time_since_death":232394,"minecraft:leave_game":1,"minecraft:walk_on_water_one_cm":310,"minecraft:sleep_in_bed":1,"minecraft:climb_one_cm":2391,"minecraft:total_world_time":232394,"minecraft:fall_one_cm":3669},"minecraft:crafted":{"minecraft:oak_planks":20,"minecraft:stone_shovel":1,"minecraft:crafting_table":1,"minecraft:stick":8,"minecraft:wooden_pickaxe":1,"minecraft:stone_pickaxe":1,"minecraft:stone_axe":1}},"DataVersion":3465}