{"stats":{"minecraft:used":{"minecraft:grass_block":3,"minecraft:stone_pickaxe":39,"minecraft:chest":1,"minecraft:wooden_pickaxe":30,"minecraft:stone_axe":2,"minecraft:spyglass":4,"minecraft:dirt":5,"minecraft:crafting_table":1},"minecraft:mined":{"botania:orange_mystical_flower":1,"minecraft:iron_ore":14,"biomesoplenty:desert_grass":1,"minecraft:crafting_table":1,"minecraft:grass":8,"minecraft:oak_log":5,"minecraft:grass_block":4,"minecraft:coal_ore":16,"minecraft:chest":1,"minecraft:dirt":3,"minecraft:spruce_leaves":15,"biomesoplenty:sprout":1,"minecraft:stone":32,"minecraft:blue_bed":1},"minecraft:killed":{"minecraft:skeleton":1,"naturalist:butterfly":1,"minecraft:spider":1},"minecraft:picked_up":{"minecraft:crafting_table":1,"minecraft:stick":4,"minecraft:raw_iron":14,"minecraft:oak_log":5,"minecraft:spruce_sapling":1,"minecraft:blue_bed":1,"minecraft:dirt":7,"biomesoplenty:flowering_oak_sapling":1,"minecraft:bone":2,"minecraft:wheat_seeds":2,"minecraft:oak_sapling":2,"minecraft:chest":1,"minecraft:coal":16,"minecraft:cobblestone":32},"minecraft:custom":{"minecraft:time_since_rest":9464,"minecraft:sprint_one_cm":54178,"minecraft:damage_taken":180,"minecraft:walk_one_cm":197457,"minecraft:mob_kills":3,"minecraft:damage_dealt":380,"minecraft:interact_with_crafting_table":3,"minecraft:fly_one_cm":477780,"minecraft:open_chest":5,"minecraft:play_time":240517,"minecraft:crouch_one_cm":2532,"minecraft:sneak_time":394,"minecraft:walk_under_water_one_cm":8935,"minecraft:jump":428,"minecraft:leave_game":2,"minecraft:time_since_death":240517,"minecraft:walk_on_water_one_cm":310,"minecraft:sleep_in_bed":1,"minecraft:climb_one_cm":2423,"minecraft:total_world_time":240517,"minecraft:fall_one_cm":11035},"minecraft:crafted":{"minecraft:oak_planks":20,"minecraft:stone_shovel":1,"minecraft:crafting_table":1,"minecraft:stick":8,"minecraft:wooden_pickaxe":1,"minecraft:stone_pickaxe":1,"minecraft:stone_axe":1}},"DataVersion":3465}