{"stats":{"minecraft:used":{"minecraft:firework_rocket":1,"minecraft:rotten_flesh":2},"minecraft:mined":{"gravestone:gravestone":1,"minecraft:grass":1,"biomesoplenty:bush":1,"minecraft:chest":1},"minecraft:killed_by":{"minecraft:skeleton":1,"minecraft:zombie":1},"minecraft:picked_up":{"minecraft:stick":4,"minecraft:raw_iron":14,"minecraft:crafting_table":1,"minecraft:wooden_pickaxe":1,"minecraft:spyglass":1,"minecraft:spruce_sapling":1,"minecraft:spruce_log":4,"minecraft:blue_bed":1,"minecraft:map":3,"minecraft:dirt":2,"alexsmobs:animal_dictionary":1,"biomesoplenty:flowering_oak_sapling":1,"minecraft:firework_rocket":4,"minecraft:bone":2,"minecraft:rotten_flesh":13,"minecraft:stone_shovel":1,"minecraft:stone_axe":1,"minecraft:wheat_seeds":2,"minecraft:stone_pickaxe":1,"minecraft:oak_sapling":2,"minecraft:chest":1,"minecraft:oak_planks":9,"minecraft:coal":16,"minecraft:cobblestone":25},"minecraft:custom":{"minecraft:time_since_rest":1085,"minecraft:sprint_one_cm":28912,"minecraft:damage_taken":496,"minecraft:walk_one_cm":40472,"minecraft:mob_kills":1,"minecraft:drop":4,"minecraft:damage_dealt":66,"minecraft:fly_one_cm":30358,"minecraft:open_chest":1,"minecraft:play_time":36832,"minecraft:deaths":2,"minecraft:sneak_time":2,"minecraft:jump":95,"minecraft:time_since_death":1048,"minecraft:total_world_time":36832,"minecraft:fall_one_cm":2775},"minecraft:dropped":{"gravestone:obituary":3,"minecraft:wooden_pickaxe":1}},"DataVersion":3465}