{"stats":{"minecraft:custom":{"minecraft:mob_kills":35,"minecraft:interact_with_crafting_table":56,"minecraft:leave_game":3,"minecraft:time_since_death":153133,"minecraft:climb_one_cm":4537,"minecraft:sprint_one_cm":683739,"minecraft:walk_one_cm":1115211,"minecraft:drop":40,"minecraft:talked_to_villager":2,"minecraft:play_time":256453,"minecraft:deaths":5,"minecraft:sneak_time":5014,"minecraft:walk_under_water_one_cm":31137,"minecraft:boat_one_cm":115600,"minecraft:jump":3369,"minecraft:walk_on_water_one_cm":7259,"minecraft:total_world_time":256453,"minecraft:interact_with_furnace":113,"minecraft:interact_with_loom":3,"minecraft:sleep_in_bed":7,"minecraft:time_since_rest":75928,"minecraft:damage_taken":2547,"minecraft:damage_dealt":7857,"minecraft:fly_one_cm":3981303,"minecraft:player_kills":1,"minecraft:open_chest":98,"minecraft:crouch_one_cm":7684,"minecraft:fall_one_cm":89156},"minecraft:killed":{"minecraft:spider":7,"naturalist:snail":1,"minecraft:skeleton":5,"minecraft:silverfish":1,"minecraft:drowned":1,"alexsmobs:flying_fish":1,"minecraft:sheep":3,"minecraft:zombie":13},"minecraft:crafted":{"minecraft:oak_planks":184,"minecraft:iron_nugget":36,"minecraft:cooked_chicken":3,"minecraft:furnace":5,"minecraft:bone_meal":21,"minecraft:cooked_mutton":16,"butchersdelight:rack":5,"minecraft:glass":26,"travelersbackpack:white_sleeping_bag":1,"minecraft:iron_axe":1,"butchersdelight:roaster":1,"epicfight:iron_greatsword":1,"minecraft:chest":4,"alexsmobs:flying_fish_boots":1,"minecraft:cooked_beef":16,"minecraft:cooked_porkchop":12,"butchersdelight:hook":2,"minecraft:spruce_planks":24,"travelersbackpack:standard":1,"travelersbackpack:backpack_tank":2,"minecraft:smooth_sandstone":8,"minecraft:campfire":2,"minecraft:stone_axe":1,"minecraft:air":0,"minecraft:oak_boat":1,"minecraft:stick":56,"minecraft:iron_pickaxe":1,"minecraft:iron_ingot":97,"minecraft:gold_ingot":1,"minecraft:iron_shovel":1,"minecraft:torch":56,"naturalist:cooked_egg":1},"minecraft:dropped":{"minecraft:wheat_seeds":4,"minecraft:cooked_porkchop":1,"biomesoplenty:lavender":8,"minecraft:iron_helmet":1,"minecraft:apple":1,"minecraft:dirt":2,"minecraft:rose_bush":24,"minecraft:iron_leggings":1,"gravestone:obituary":12,"minecraft:blue_bed":1,"minecraft:spruce_sapling":1,"minecraft:spyglass":2,"alexsmobs:animal_dictionary":1,"betterarcheology:artifact_shards":1,"minecraft:stone_shovel":1,"minecraft:rotten_flesh":1,"minecraft:iron_boots":1,"minecraft:potato":22,"minecraft:iron_chestplate":1,"minecraft:charcoal":1,"minecraft:spider_eye":2,"minecraft:wooden_pickaxe":1},"minecraft:broken":{"minecraft:stone_pickaxe":1,"minecraft:stone_axe":1,"minecraft:iron_pickaxe":1},"minecraft:used":{"minecraft:stone_shovel":28,"minecraft:chest":8,"butchersdelight:hook":2,"minecraft:rotten_flesh":21,"minecraft:cooked_chicken":5,"minecraft:torch":21,"minecraft:dirt":51,"minecraft:spyglass":7,"butchersdelight:cleaver":1,"epicfight:iron_greatsword":38,"minecraft:smooth_sandstone":9,"minecraft:smooth_basalt":14,"minecraft:oak_sapling":2,"minecraft:furnace":8,"minecraft:wheat_seeds":2,"minecraft:cooked_mutton":12,"naturalist:cooked_egg":1,"minecraft:stone_pickaxe":93,"minecraft:oak_planks":1,"minecraft:sandstone":2,"minecraft:blue_bed":6,"butchersdelight:skullcow":8,"minecraft:crafting_table":1,"minecraft:campfire":2,"minecraft:spruce_log":1,"minecraft:firework_rocket":1,"minecraft:iron_pickaxe":251,"mekanismtools:iron_paxel":150,"butchersdelight:roaster":3,"minecraft:stone_axe":136,"minecraft:cobblestone":17,"travelersbackpack:standard":2,"minecraft:cooked_porkchop":16,"minecraft:oak_boat":1,"butchersdelight:rack":8,"minecraft:bone_meal":21},"minecraft:mined":{"minecraft:tuff":4,"butchersdelight:rack":2,"minecraft:sea_lantern":1,"mekanism:deepslate_osmium_ore":1,"butchersdelight:deadsheepblock":1,"gravestone:gravestone":6,"biomesoplenty:bush":3,"minecraft:grass_block":32,"minecraft:spruce_fence":1,"biomesoplenty:flowering_oak_leaves":1,"minecraft:moss_block":16,"minecraft:sandstone":11,"biomesoplenty:tall_lavender":1,"minecraft:furnace":4,"minecraft:iron_ore":80,"biomesoplenty:lavender":11,"realmrpg_skeletons:rookie_skeleton":1,"minecraft:deepslate_iron_ore":49,"biomesoplenty:barley":73,"butchersdelight:skullcow":1,"betterarcheology:loot_vase":1,"minecraft:stone":104,"mekanism:osmium_ore":21,"butchersdelight:roaster_pig":1,"minecraft:smooth_sandstone":1,"minecraft:torch":2,"minecraft:emerald_ore":5,"minecraft:calcite":9,"minecraft:chest":5,"minecraft:campfire":1,"minecraft:cobblestone":4,"minecraft:deepslate_coal_ore":17,"minecraft:tall_grass":3,"biomesoplenty:sprout":2,"butchersdelight:deadchickenblock":2,"minecraft:blue_bed":4,"butchersdelight:deadcowblock":1,"minecraft:spruce_log":1,"minecraft:grass":50,"minecraft:coal_ore":50,"minecraft:oak_log":39,"minecraft:sand":115,"minecraft:dirt":8,"minecraft:smooth_basalt":14,"butchersdelight:rackcow":1,"minecraft:deepslate_emerald_ore":5,"minecraft:oak_leaves":2,"minecraft:suspicious_gravel":1},"minecraft:picked_up":{"minecraft:charcoal":3,"minecraft:iron_chestplate":2,"minecraft:crafting_table":1,"minecraft:chicken":3,"minecraft:wooden_pickaxe":1,"gravestone:obituary":6,"minecraft:string":8,"minecraft:iron_leggings":2,"butchersdelight:dead_cow":11,"minecraft:gold_nugget":11,"minecraft:beef":24,"minecraft:oak_boat":1,"minecraft:rose_bush":24,"minecraft:calcite":8,"minecraft:chest":5,"minecraft:egg":1,"minecraft:iron_boots":2,"minecraft:furnace":3,"minecraft:stick":21,"minecraft:raw_iron":141,"minecraft:sandstone":11,"minecraft:torch":1,"minecraft:spruce_fence":1,"minecraft:porkchop":16,"minecraft:prismarine_crystals":3,"minecraft:rotten_flesh":24,"butchersdelight:deadsheep":4,"minecraft:arrow":6,"minecraft:stone_shovel":2,"butchersdelight:roaster":2,"minecraft:mutton":14,"minecraft:white_wool":3,"alexsmobs:flying_fish":5,"minecraft:cobblestone":135,"biomesoplenty:lavender":8,"minecraft:feather":4,"minecraft:cooked_beef":3,"minecraft:potato":22,"butchersdelight:deadpig":9,"minecraft:tuff":6,"minecraft:oak_log":50,"minecraft:gunpowder":1,"minecraft:blue_bed":5,"butchersdelight:rack":3,"minecraft:map":3,"minecraft:lapis_lazuli":16,"minecraft:dirt":56,"minecraft:smooth_sandstone":1,"butchersdelight:deadchiken":3,"minecraft:bone":27,"minecraft:apple":1,"minecraft:wheat_seeds":13,"minecraft:cooked_chicken":3,"minecraft:stone_pickaxe":1,"minecraft:moss_block":15,"minecraft:oak_planks":9,"minecraft:smooth_basalt":14,"minecraft:cooked_porkchop":13,"minecraft:spyglass":3,"betterarcheology:artifact_shards":2,"butchersdelight:skullcow":10,"butchersdelight:cow_hide":7,"minecraft:sand":110,"minecraft:spruce_sapling":1,"minecraft:spruce_log":8,"alexsmobs:animal_dictionary":2,"mekanism:raw_osmium":22,"minecraft:spider_eye":2,"biomesoplenty:flowering_oak_sapling":1,"minecraft:firework_rocket":4,"butchersdelight:sheephide":4,"minecraft:stone_axe":1,"minecraft:iron_helmet":2,"minecraft:emerald":10,"minecraft:oak_sapling":5,"minecraft:coal":84},"minecraft:killed_by":{"minecraft:creeper":1,"alexsmobs:tiger":1,"minecraft:skeleton":1,"minecraft:zombie":2}},"DataVersion":3465}