{"stats":{"minecraft:used":{"minecraft:wheat_seeds":2,"minecraft:cooked_mutton":8,"minecraft:stone_shovel":1,"minecraft:stone_pickaxe":65,"minecraft:oak_planks":1,"butchersdelight:hook":1,"minecraft:blue_bed":1,"minecraft:rotten_flesh":9,"minecraft:spyglass":2,"minecraft:campfire":1,"minecraft:spruce_log":1,"minecraft:firework_rocket":1,"butchersdelight:roaster":1,"minecraft:stone_axe":37,"minecraft:cobblestone":3,"minecraft:furnace":4,"minecraft:oak_sapling":2,"minecraft:oak_boat":1,"butchersdelight:rack":4,"minecraft:bone_meal":21},"minecraft:mined":{"mekanism:osmium_ore":14,"butchersdelight:rack":2,"butchersdelight:deadsheepblock":1,"gravestone:gravestone":2,"biomesoplenty:bush":3,"minecraft:chest":1,"minecraft:campfire":1,"minecraft:deepslate_coal_ore":8,"minecraft:blue_bed":1,"minecraft:furnace":4,"minecraft:iron_ore":22,"minecraft:spruce_log":1,"minecraft:oak_log":6,"minecraft:deepslate_iron_ore":2,"minecraft:grass":3,"minecraft:coal_ore":7,"minecraft:dirt":3,"minecraft:stone":6},"minecraft:killed_by":{"minecraft:skeleton":1,"minecraft:zombie":1},"minecraft:killed":{"minecraft:skeleton":2,"minecraft:sheep":2,"minecraft:zombie":4},"minecraft:picked_up":{"minecraft:charcoal":2,"minecraft:crafting_table":1,"minecraft:iron_chestplate":1,"minecraft:wooden_pickaxe":1,"minecraft:potato":22,"minecraft:tuff":2,"minecraft:oak_log":6,"gravestone:obituary":6,"minecraft:map":3,"butchersdelight:rack":2,"minecraft:dirt":5,"minecraft:blue_bed":2,"minecraft:iron_leggings":1,"minecraft:bone":6,"minecraft:apple":1,"minecraft:wheat_seeds":2,"minecraft:stone_pickaxe":1,"minecraft:chest":1,"minecraft:oak_planks":9,"minecraft:iron_boots":1,"minecraft:furnace":3,"minecraft:stick":4,"minecraft:raw_iron":38,"minecraft:spyglass":1,"minecraft:spruce_sapling":1,"minecraft:spruce_log":8,"mekanism:raw_osmium":14,"alexsmobs:animal_dictionary":1,"biomesoplenty:flowering_oak_sapling":1,"minecraft:arrow":4,"minecraft:firework_rocket":4,"butchersdelight:sheephide":3,"minecraft:stone_shovel":2,"butchersdelight:deadsheep":3,"minecraft:rotten_flesh":17,"minecraft:stone_axe":1,"minecraft:iron_helmet":1,"butchersdelight:roaster":1,"minecraft:oak_sapling":4,"minecraft:mutton":10,"minecraft:coal":32,"minecraft:white_wool":2,"minecraft:cobblestone":31},"minecraft:custom":{"minecraft:interact_with_furnace":16,"minecraft:mob_kills":10,"minecraft:interact_with_crafting_table":13,"minecraft:time_since_death":49048,"minecraft:sleep_in_bed":2,"minecraft:time_since_rest":33633,"minecraft:sprint_one_cm":144733,"minecraft:damage_taken":948,"minecraft:walk_one_cm":329570,"minecraft:drop":17,"minecraft:damage_dealt":1966,"minecraft:player_kills":1,"minecraft:fly_one_cm":163551,"minecraft:open_chest":23,"minecraft:crouch_one_cm":1309,"minecraft:play_time":84832,"minecraft:deaths":2,"minecraft:sneak_time":256,"minecraft:walk_under_water_one_cm":5718,"minecraft:boat_one_cm":94880,"minecraft:jump":799,"minecraft:walk_on_water_one_cm":2860,"minecraft:total_world_time":84832,"minecraft:fall_one_cm":16648},"minecraft:dropped":{"minecraft:stone_shovel":1,"minecraft:rotten_flesh":1,"minecraft:apple":1,"minecraft:dirt":2,"minecraft:potato":22,"gravestone:obituary":9,"minecraft:wooden_pickaxe":1,"minecraft:spruce_sapling":1},"minecraft:crafted":{"minecraft:oak_planks":24,"butchersdelight:hook":1,"minecraft:iron_nugget":9,"minecraft:spruce_planks":16,"minecraft:furnace":3,"minecraft:bone_meal":21,"minecraft:campfire":1,"minecraft:cooked_mutton":12,"minecraft:air":0,"butchersdelight:rack":2,"minecraft:oak_boat":1,"butchersdelight:roaster":1,"minecraft:stick":16}},"DataVersion":3465}