{"stats":{"minecraft:custom":{"minecraft:mob_kills":19,"minecraft:interact_with_crafting_table":36,"minecraft:leave_game":2,"minecraft:time_since_death":101915,"minecraft:climb_one_cm":4537,"minecraft:sprint_one_cm":447396,"minecraft:walk_one_cm":856346,"minecraft:drop":35,"minecraft:talked_to_villager":2,"minecraft:play_time":205235,"minecraft:deaths":5,"minecraft:sneak_time":4580,"minecraft:walk_under_water_one_cm":31137,"minecraft:boat_one_cm":115600,"minecraft:jump":2058,"minecraft:walk_on_water_one_cm":7259,"minecraft:total_world_time":205235,"minecraft:interact_with_furnace":72,"minecraft:interact_with_loom":3,"minecraft:sleep_in_bed":7,"minecraft:time_since_rest":24710,"minecraft:damage_taken":2026,"minecraft:damage_dealt":4896,"minecraft:fly_one_cm":3485032,"minecraft:player_kills":1,"minecraft:open_chest":63,"minecraft:crouch_one_cm":6261,"minecraft:fall_one_cm":48782},"minecraft:killed":{"minecraft:spider":2,"minecraft:skeleton":3,"minecraft:silverfish":1,"minecraft:drowned":1,"alexsmobs:flying_fish":1,"minecraft:sheep":2,"minecraft:zombie":6},"minecraft:crafted":{"minecraft:oak_planks":24,"minecraft:iron_nugget":18,"minecraft:cooked_chicken":3,"minecraft:furnace":5,"minecraft:bone_meal":21,"minecraft:cooked_mutton":12,"butchersdelight:rack":2,"butchersdelight:roaster":1,"alexsmobs:flying_fish_boots":1,"minecraft:cooked_beef":16,"minecraft:cooked_porkchop":10,"butchersdelight:hook":2,"minecraft:spruce_planks":16,"minecraft:campfire":2,"minecraft:stone_axe":1,"minecraft:air":0,"minecraft:oak_boat":1,"minecraft:stick":24,"minecraft:iron_ingot":12,"naturalist:cooked_egg":1},"minecraft:dropped":{"minecraft:wheat_seeds":2,"biomesoplenty:lavender":8,"minecraft:iron_helmet":1,"minecraft:apple":1,"minecraft:dirt":2,"minecraft:rose_bush":16,"minecraft:iron_leggings":1,"gravestone:obituary":12,"minecraft:blue_bed":1,"minecraft:spruce_sapling":1,"minecraft:spyglass":2,"alexsmobs:animal_dictionary":1,"minecraft:stone_shovel":1,"minecraft:rotten_flesh":1,"minecraft:iron_boots":1,"minecraft:potato":22,"minecraft:iron_chestplate":1,"minecraft:charcoal":1,"minecraft:spider_eye":1,"minecraft:wooden_pickaxe":1},"minecraft:broken":{"minecraft:stone_axe":1},"minecraft:mined":{"butchersdelight:rack":2,"butchersdelight:deadsheepblock":1,"gravestone:gravestone":6,"biomesoplenty:bush":3,"minecraft:grass_block":24,"minecraft:spruce_fence":1,"biomesoplenty:flowering_oak_leaves":1,"minecraft:sandstone":2,"biomesoplenty:tall_lavender":1,"minecraft:furnace":4,"minecraft:iron_ore":32,"biomesoplenty:lavender":11,"minecraft:deepslate_iron_ore":2,"biomesoplenty:barley":7,"betterarcheology:loot_vase":1,"minecraft:stone":53,"mekanism:osmium_ore":16,"butchersdelight:roaster_pig":1,"minecraft:chest":3,"minecraft:campfire":1,"minecraft:deepslate_coal_ore":8,"minecraft:tall_grass":1,"butchersdelight:deadchickenblock":2,"minecraft:blue_bed":4,"butchersdelight:deadcowblock":1,"minecraft:spruce_log":1,"minecraft:grass":19,"minecraft:coal_ore":49,"minecraft:oak_log":39,"minecraft:dirt":6,"minecraft:oak_leaves":2,"minecraft:suspicious_gravel":1},"minecraft:used":{"minecraft:stone_shovel":28,"minecraft:chest":3,"butchersdelight:hook":2,"minecraft:rotten_flesh":21,"minecraft:cooked_chicken":3,"minecraft:dirt":41,"minecraft:spyglass":7,"butchersdelight:cleaver":1,"minecraft:oak_sapling":2,"minecraft:furnace":8,"minecraft:wheat_seeds":2,"minecraft:cooked_mutton":12,"naturalist:cooked_egg":1,"minecraft:stone_pickaxe":65,"minecraft:oak_planks":1,"minecraft:sandstone":2,"minecraft:blue_bed":6,"butchersdelight:skullcow":4,"minecraft:crafting_table":1,"minecraft:campfire":2,"minecraft:spruce_log":1,"minecraft:firework_rocket":1,"minecraft:iron_pickaxe":108,"butchersdelight:roaster":3,"minecraft:stone_axe":124,"minecraft:cobblestone":3,"minecraft:cooked_porkchop":3,"minecraft:oak_boat":1,"butchersdelight:rack":4,"minecraft:bone_meal":21},"minecraft:picked_up":{"minecraft:charcoal":3,"minecraft:iron_chestplate":2,"minecraft:crafting_table":1,"minecraft:chicken":3,"minecraft:wooden_pickaxe":1,"gravestone:obituary":6,"minecraft:string":4,"minecraft:iron_leggings":2,"butchersdelight:dead_cow":9,"minecraft:gold_nugget":11,"minecraft:beef":16,"minecraft:oak_boat":1,"minecraft:rose_bush":16,"minecraft:chest":3,"minecraft:egg":1,"minecraft:iron_boots":2,"minecraft:furnace":3,"minecraft:stick":21,"minecraft:raw_iron":48,"minecraft:sandstone":2,"minecraft:spruce_fence":1,"minecraft:porkchop":12,"minecraft:rotten_flesh":22,"butchersdelight:deadsheep":3,"minecraft:arrow":4,"minecraft:stone_shovel":2,"butchersdelight:roaster":2,"minecraft:mutton":10,"minecraft:white_wool":2,"alexsmobs:flying_fish":5,"minecraft:cobblestone":82,"biomesoplenty:lavender":8,"minecraft:feather":4,"minecraft:cooked_beef":3,"minecraft:potato":22,"butchersdelight:deadpig":8,"minecraft:tuff":2,"minecraft:oak_log":43,"minecraft:gunpowder":1,"minecraft:blue_bed":5,"butchersdelight:rack":2,"minecraft:map":3,"minecraft:lapis_lazuli":16,"minecraft:dirt":46,"butchersdelight:deadchiken":3,"minecraft:bone":18,"minecraft:apple":1,"minecraft:wheat_seeds":6,"minecraft:cooked_chicken":3,"minecraft:stone_pickaxe":1,"minecraft:oak_planks":9,"minecraft:cooked_porkchop":12,"minecraft:spyglass":3,"betterarcheology:artifact_shards":1,"butchersdelight:skullcow":4,"butchersdelight:cow_hide":4,"minecraft:spruce_sapling":1,"minecraft:spruce_log":8,"alexsmobs:animal_dictionary":2,"mekanism:raw_osmium":16,"minecraft:spider_eye":1,"biomesoplenty:flowering_oak_sapling":1,"minecraft:firework_rocket":4,"butchersdelight:sheephide":3,"minecraft:stone_axe":1,"minecraft:iron_helmet":2,"minecraft:oak_sapling":5,"minecraft:coal":74},"minecraft:killed_by":{"minecraft:creeper":1,"alexsmobs:tiger":1,"minecraft:skeleton":1,"minecraft:zombie":2}},"DataVersion":3465}