{"stats":{"minecraft:used":{"minecraft:wheat_seeds":2,"minecraft:cooked_mutton":12,"minecraft:stone_shovel":1,"minecraft:stone_pickaxe":65,"minecraft:oak_planks":1,"butchersdelight:hook":1,"minecraft:blue_bed":2,"minecraft:rotten_flesh":12,"minecraft:spyglass":6,"minecraft:campfire":1,"minecraft:spruce_log":1,"minecraft:firework_rocket":1,"butchersdelight:roaster":1,"minecraft:stone_axe":51,"minecraft:cobblestone":3,"minecraft:furnace":4,"minecraft:oak_sapling":2,"minecraft:oak_boat":1,"butchersdelight:rack":4,"minecraft:bone_meal":21},"minecraft:mined":{"mekanism:osmium_ore":14,"butchersdelight:rack":2,"butchersdelight:deadsheepblock":1,"gravestone:gravestone":3,"biomesoplenty:bush":3,"minecraft:chest":1,"minecraft:campfire":1,"minecraft:deepslate_coal_ore":8,"minecraft:blue_bed":2,"minecraft:furnace":4,"minecraft:iron_ore":22,"minecraft:spruce_log":1,"minecraft:oak_log":6,"minecraft:deepslate_iron_ore":2,"minecraft:grass":4,"minecraft:coal_ore":7,"minecraft:dirt":3,"minecraft:stone":6},"minecraft:killed_by":{"minecraft:skeleton":1,"minecraft:creeper":1,"minecraft:zombie":2},"minecraft:killed":{"minecraft:spider":1,"minecraft:skeleton":3,"minecraft:sheep":2,"minecraft:zombie":5,"alexsmobs:flying_fish":1},"minecraft:picked_up":{"minecraft:charcoal":2,"minecraft:crafting_table":1,"minecraft:iron_chestplate":1,"minecraft:wooden_pickaxe":1,"minecraft:potato":22,"minecraft:tuff":2,"minecraft:oak_log":6,"gravestone:obituary":6,"minecraft:string":2,"minecraft:map":3,"butchersdelight:rack":2,"minecraft:dirt":5,"minecraft:blue_bed":3,"minecraft:iron_leggings":1,"butchersdelight:deadchiken":3,"minecraft:bone":6,"minecraft:apple":1,"minecraft:wheat_seeds":2,"minecraft:cooked_chicken":3,"minecraft:oak_boat":1,"minecraft:stone_pickaxe":1,"minecraft:chest":1,"minecraft:oak_planks":9,"minecraft:egg":1,"minecraft:iron_boots":1,"minecraft:furnace":3,"minecraft:stick":4,"minecraft:raw_iron":38,"minecraft:spyglass":1,"minecraft:spruce_sapling":1,"minecraft:spruce_log":8,"minecraft:spider_eye":1,"mekanism:raw_osmium":14,"alexsmobs:animal_dictionary":1,"biomesoplenty:flowering_oak_sapling":1,"minecraft:arrow":4,"minecraft:firework_rocket":4,"butchersdelight:sheephide":3,"minecraft:stone_shovel":2,"butchersdelight:deadsheep":3,"minecraft:rotten_flesh":20,"minecraft:stone_axe":1,"minecraft:iron_helmet":1,"butchersdelight:roaster":1,"minecraft:oak_sapling":4,"minecraft:mutton":10,"minecraft:coal":32,"alexsmobs:flying_fish":5,"minecraft:white_wool":2,"minecraft:cobblestone":31},"minecraft:custom":{"minecraft:interact_with_furnace":16,"minecraft:mob_kills":15,"minecraft:interact_with_crafting_table":13,"minecraft:interact_with_loom":3,"minecraft:leave_game":1,"minecraft:time_since_death":0,"minecraft:sleep_in_bed":3,"minecraft:climb_one_cm":1941,"minecraft:time_since_rest":82,"minecraft:sprint_one_cm":254712,"minecraft:damage_taken":1624,"minecraft:walk_one_cm":425383,"minecraft:drop":18,"minecraft:damage_dealt":3015,"minecraft:talked_to_villager":2,"minecraft:player_kills":1,"minecraft:fly_one_cm":304320,"minecraft:open_chest":27,"minecraft:crouch_one_cm":1510,"minecraft:play_time":97937,"minecraft:deaths":4,"minecraft:sneak_time":270,"minecraft:walk_under_water_one_cm":5718,"minecraft:boat_one_cm":115600,"minecraft:jump":1206,"minecraft:walk_on_water_one_cm":3582,"minecraft:total_world_time":97937,"minecraft:fall_one_cm":28041},"minecraft:dropped":{"minecraft:stone_shovel":1,"minecraft:rotten_flesh":1,"minecraft:apple":1,"minecraft:dirt":2,"minecraft:potato":22,"minecraft:spider_eye":1,"gravestone:obituary":9,"minecraft:wooden_pickaxe":1,"minecraft:spruce_sapling":1},"minecraft:crafted":{"minecraft:oak_planks":24,"butchersdelight:hook":1,"minecraft:iron_nugget":9,"minecraft:spruce_planks":16,"minecraft:furnace":3,"minecraft:bone_meal":21,"minecraft:campfire":1,"minecraft:cooked_mutton":12,"minecraft:air":0,"butchersdelight:rack":2,"minecraft:oak_boat":1,"butchersdelight:roaster":1,"minecraft:stick":16}},"DataVersion":3465}