{"stats":{"minecraft:custom":{"minecraft:interact_with_furnace":27,"minecraft:mob_kills":16,"minecraft:interact_with_crafting_table":26,"minecraft:interact_with_loom":3,"minecraft:leave_game":2,"minecraft:time_since_death":77915,"minecraft:sleep_in_bed":7,"minecraft:climb_one_cm":4537,"minecraft:time_since_rest":710,"minecraft:sprint_one_cm":414920,"minecraft:damage_taken":1951,"minecraft:walk_one_cm":670291,"minecraft:drop":29,"minecraft:damage_dealt":4231,"minecraft:player_kills":1,"minecraft:talked_to_villager":2,"minecraft:fly_one_cm":3452362,"minecraft:play_time":181235,"minecraft:open_chest":50,"minecraft:crouch_one_cm":3402,"minecraft:sneak_time":3783,"minecraft:deaths":5,"minecraft:walk_under_water_one_cm":5718,"minecraft:boat_one_cm":115600,"minecraft:jump":1900,"minecraft:walk_on_water_one_cm":3582,"minecraft:total_world_time":181235,"minecraft:fall_one_cm":45432},"minecraft:killed":{"minecraft:spider":1,"minecraft:sheep":2,"minecraft:skeleton":3,"minecraft:zombie":5,"minecraft:silverfish":1,"alexsmobs:flying_fish":1},"minecraft:crafted":{"minecraft:oak_planks":24,"butchersdelight:hook":1,"minecraft:iron_nugget":9,"minecraft:spruce_planks":16,"minecraft:furnace":5,"minecraft:bone_meal":21,"minecraft:campfire":1,"minecraft:stone_axe":1,"minecraft:cooked_mutton":12,"minecraft:air":0,"butchersdelight:rack":2,"minecraft:oak_boat":1,"butchersdelight:roaster":1,"minecraft:stick":16,"naturalist:cooked_egg":1},"minecraft:dropped":{"minecraft:wheat_seeds":2,"alexsmobs:animal_dictionary":1,"biomesoplenty:lavender":8,"minecraft:stone_shovel":1,"minecraft:iron_helmet":1,"minecraft:rotten_flesh":1,"minecraft:iron_boots":1,"minecraft:apple":1,"minecraft:dirt":2,"minecraft:potato":22,"minecraft:iron_chestplate":1,"minecraft:iron_leggings":1,"gravestone:obituary":12,"minecraft:spider_eye":1,"minecraft:wooden_pickaxe":1,"minecraft:spruce_sapling":1},"minecraft:broken":{"minecraft:stone_axe":1},"minecraft:mined":{"mekanism:osmium_ore":16,"butchersdelight:rack":2,"butchersdelight:deadsheepblock":1,"gravestone:gravestone":6,"biomesoplenty:bush":3,"minecraft:spruce_fence":1,"minecraft:chest":3,"minecraft:campfire":1,"minecraft:tall_grass":1,"minecraft:deepslate_coal_ore":8,"minecraft:blue_bed":4,"biomesoplenty:tall_lavender":1,"minecraft:furnace":4,"butchersdelight:deadcowblock":1,"minecraft:iron_ore":22,"biomesoplenty:lavender":11,"minecraft:spruce_log":1,"minecraft:grass":18,"minecraft:oak_log":23,"minecraft:coal_ore":7,"minecraft:deepslate_iron_ore":2,"minecraft:dirt":5,"biomesoplenty:barley":4,"betterarcheology:loot_vase":1,"minecraft:stone":42,"minecraft:oak_leaves":1},"minecraft:used":{"minecraft:cooked_mutton":12,"minecraft:wheat_seeds":2,"naturalist:cooked_egg":1,"minecraft:stone_shovel":2,"minecraft:stone_pickaxe":65,"minecraft:oak_planks":1,"minecraft:chest":2,"butchersdelight:hook":1,"minecraft:blue_bed":6,"minecraft:cooked_chicken":3,"minecraft:rotten_flesh":19,"minecraft:dirt":18,"minecraft:spyglass":6,"minecraft:crafting_table":1,"minecraft:campfire":1,"minecraft:spruce_log":1,"minecraft:firework_rocket":1,"minecraft:iron_pickaxe":40,"butchersdelight:roaster":1,"minecraft:stone_axe":95,"minecraft:cobblestone":3,"minecraft:furnace":6,"minecraft:oak_sapling":2,"minecraft:oak_boat":1,"butchersdelight:rack":4,"minecraft:bone_meal":21},"minecraft:picked_up":{"biomesoplenty:lavender":8,"minecraft:charcoal":2,"minecraft:crafting_table":1,"minecraft:iron_chestplate":2,"minecraft:wooden_pickaxe":1,"minecraft:potato":22,"butchersdelight:deadpig":7,"minecraft:tuff":2,"minecraft:oak_log":23,"gravestone:obituary":6,"minecraft:lapis_lazuli":16,"butchersdelight:rack":2,"minecraft:map":3,"minecraft:string":2,"minecraft:dirt":23,"minecraft:blue_bed":5,"minecraft:iron_leggings":2,"butchersdelight:deadchiken":3,"butchersdelight:dead_cow":9,"minecraft:bone":6,"minecraft:apple":1,"minecraft:wheat_seeds":6,"minecraft:gold_nugget":11,"minecraft:oak_boat":1,"minecraft:stone_pickaxe":1,"minecraft:cooked_chicken":3,"minecraft:chest":3,"minecraft:oak_planks":9,"minecraft:furnace":3,"minecraft:iron_boots":2,"minecraft:egg":1,"minecraft:raw_iron":38,"minecraft:stick":17,"betterarcheology:artifact_shards":1,"minecraft:spyglass":1,"minecraft:spruce_fence":1,"minecraft:spruce_sapling":1,"minecraft:spruce_log":8,"mekanism:raw_osmium":16,"minecraft:spider_eye":1,"alexsmobs:animal_dictionary":2,"biomesoplenty:flowering_oak_sapling":1,"minecraft:firework_rocket":4,"butchersdelight:sheephide":3,"minecraft:arrow":4,"butchersdelight:deadsheep":3,"minecraft:stone_shovel":2,"minecraft:rotten_flesh":22,"minecraft:stone_axe":1,"minecraft:iron_helmet":2,"minecraft:oak_sapling":4,"butchersdelight:roaster":1,"minecraft:mutton":10,"minecraft:coal":32,"alexsmobs:flying_fish":5,"minecraft:white_wool":2,"minecraft:cobblestone":67},"minecraft:killed_by":{"minecraft:skeleton":1,"minecraft:creeper":1,"minecraft:zombie":2,"alexsmobs:tiger":1}},"DataVersion":3465}