{"stats":{"minecraft:custom":{"minecraft:mob_kills":46,"minecraft:interact_with_crafting_table":59,"minecraft:leave_game":4,"minecraft:time_since_death":17907,"minecraft:climb_one_cm":918,"minecraft:sprint_one_cm":989722,"minecraft:walk_one_cm":1497409,"minecraft:damage_blocked_by_shield":665,"minecraft:drop":95,"minecraft:talked_to_villager":4,"minecraft:play_time":326438,"minecraft:deaths":4,"minecraft:sneak_time":2436,"minecraft:walk_under_water_one_cm":2455,"minecraft:boat_one_cm":91067,"minecraft:jump":3609,"minecraft:walk_on_water_one_cm":36039,"minecraft:total_world_time":326438,"minecraft:interact_with_furnace":168,"minecraft:interact_with_grindstone":1,"minecraft:sleep_in_bed":4,"minecraft:time_since_rest":2892,"minecraft:damage_taken":1853,"minecraft:damage_dealt":8613,"minecraft:swim_one_cm":5982,"minecraft:fly_one_cm":1579458,"minecraft:open_chest":233,"minecraft:crouch_one_cm":10175,"minecraft:fall_one_cm":162572},"minecraft:killed":{"minecraft:spider":8,"minecraft:skeleton":7,"naturalist:bear":1,"minecraft:creeper":1,"minecraft:zombie":28},"minecraft:crafted":{"minecraft:cherry_planks":188,"minecraft:cherry_slab":120,"mekanism:ingot_osmium":48,"minecraft:furnace":4,"minecraft:stone":39,"minecraft:bone_meal":15,"butchersdelight:rack":1,"minecraft:glass":121,"minecraft:iron_boots":3,"minecraft:iron_axe":2,"butchersdelight:roaster":1,"minecraft:iron_hoe":1,"minecraft:cherry_stairs":12,"minecraft:chest":4,"biomesoplenty:jacaranda_planks":672,"minecraft:spruce_planks":4,"minecraft:iron_helmet":4,"minecraft:baked_potato":12,"minecraft:bucket":3,"biomesoplenty:jacaranda_slab":204,"minecraft:bread":1,"minecraft:air":0,"minecraft:iron_chestplate":2,"minecraft:stick":36,"minecraft:iron_ingot":184,"minecraft:iron_pickaxe":6,"minecraft:iron_shovel":3,"minecraft:iron_leggings":2,"minecraft:torch":24},"minecraft:dropped":{"minecraft:iron_sword":1,"minecraft:moss_block":2,"minecraft:porkchop":1,"minecraft:wheat_seeds":8,"botania:magenta_double_flower":2,"biomesoplenty:lavender":1,"minecraft:iron_helmet":4,"minecraft:cobblestone":280,"minecraft:coal":59,"minecraft:flint":3,"minecraft:stick":29,"minecraft:emerald":5,"minecraft:dirt":81,"minecraft:black_candle":1,"biomesoplenty:flowering_oak_sapling":1,"minecraft:iron_leggings":3,"minecraft:iron_axe":1,"gravestone:obituary":11,"minecraft:wooden_sword":2,"mekanism:raw_osmium":9,"minecraft:string":5,"minecraft:white_wool":2,"minecraft:dandelion":1,"alexsmobs:animal_dictionary":1,"minecraft:tuff":14,"minecraft:obsidian":2,"minecraft:raw_iron":22,"minecraft:rotten_flesh":12,"minecraft:iron_boots":4,"minecraft:iron_hoe":1,"minecraft:potato":1,"minecraft:shield":1,"minecraft:flower_pot":2,"minecraft:spruce_planks":10,"minecraft:iron_chestplate":3,"minecraft:spider_eye":1,"minecraft:spruce_log":4,"minecraft:wooden_pickaxe":2,"minecraft:beef":5,"minecraft:stone_pickaxe":1,"minecraft:netherrack":7,"epicfight:skillbook":1},"minecraft:broken":{"minecraft:iron_shovel":4,"minecraft:iron_axe":1,"minecraft:iron_pickaxe":5,"minecraft:bow":1},"minecraft:used":{"minecraft:iron_shovel":1285,"minecraft:chest":12,"minecraft:spruce_planks":1,"minecraft:shield":18,"butchersdelight:hook":3,"minecraft:stone":4,"minecraft:iron_sword":223,"minecraft:torch":30,"minecraft:dirt":163,"minecraft:tuff":2,"biomesoplenty:jacaranda_slab":285,"minecraft:milk_bucket":3,"minecraft:iron_hoe":212,"minecraft:glass":53,"butchersdelight:cleaver":11,"minecraft:lantern":4,"minecraft:iron_axe":402,"minecraft:cherry_slab":111,"biomesoplenty:jacaranda_sapling":16,"minecraft:bow":1,"minecraft:scaffolding":6,"minecraft:furnace":5,"minecraft:egg":1,"minecraft:potato":30,"minecraft:cherry_log":1,"epicfight:skillbook":3,"biomesoplenty:jacaranda_door":1,"minecraft:water_bucket":10,"minecraft:baked_potato":13,"minecraft:cherry_planks":119,"minecraft:crafting_table":3,"biomesoplenty:jacaranda_planks":32,"minecraft:apple":3,"minecraft:bread":1,"minecraft:iron_pickaxe":1294,"butchersdelight:roaster":1,"minecraft:cherry_stairs":20,"minecraft:cobblestone":33,"minecraft:bucket":10,"minecraft:chain":2,"minecraft:yellow_bed":3,"alexsmobs:animal_dictionary":1,"butchersdelight:rack":6,"minecraft:bone_meal":15},"minecraft:mined":{"minecraft:tuff":7,"minecraft:spruce_planks":1,"minecraft:candle":2,"minecraft:red_stained_glass":2,"minecraft:black_candle_cake":1,"minecraft:cherry_log":49,"butchersdelight:rack":1,"mekanism:deepslate_osmium_ore":8,"minecraft:glow_lichen":2,"gravestone:gravestone":5,"biomesoplenty:bush":2,"minecraft:grass_block":718,"biomesoplenty:flowering_oak_leaves":12,"minecraft:spruce_leaves":86,"minecraft:moss_block":3,"biomesoplenty:jacaranda_log":171,"minecraft:magma_block":2,"biomesoplenty:tall_lavender":3,"butchersdelight:roaster":1,"minecraft:iron_ore":98,"biomesoplenty:lavender":6,"minecraft:dirt_path":2,"minecraft:potatoes":12,"minecraft:deepslate_iron_ore":46,"minecraft:lantern":1,"biomesoplenty:jacaranda_door":1,"minecraft:stone":918,"butchersdelight:racksheep":7,"biomesoplenty:jacaranda_leaves":262,"minecraft:scaffolding":9,"mekanism:osmium_ore":18,"minecraft:cherry_planks":10,"biomesoplenty:jacaranda_planks":1,"biomesoplenty:jacaranda_slab":106,"minecraft:dandelion":1,"minecraft:crafting_table":1,"minecraft:torch":4,"minecraft:poppy":2,"minecraft:chest":6,"minecraft:glass":6,"minecraft:tall_grass":1,"minecraft:cobblestone":21,"minecraft:deepslate_coal_ore":15,"biomesoplenty:sprout":18,"minecraft:wall_torch":1,"minecraft:cherry_slab":2,"minecraft:pink_petals":1,"minecraft:light_gray_candle":1,"minecraft:wheat":2,"minecraft:spruce_log":8,"minecraft:yellow_bed":2,"minecraft:oak_log":12,"biomesoplenty:clover":28,"minecraft:grass":74,"butchersdelight:hook":4,"minecraft:coal_ore":51,"minecraft:cherry_leaves":4,"minecraft:flower_pot":2,"minecraft:gravel":111,"minecraft:sand":128,"minecraft:dirt":312,"minecraft:netherrack":65,"minecraft:oak_leaves":25,"minecraft:deepslate_emerald_ore":1},"minecraft:picked_up":{"minecraft:crafting_table":1,"minecraft:iron_chestplate":1,"minecraft:wheat":3,"minecraft:flower_pot":2,"biomesoplenty:jacaranda_sapling":20,"gravestone:obituary":6,"minecraft:string":9,"minecraft:iron_axe":1,"minecraft:iron_leggings":1,"biomesoplenty:tall_lavender":1,"biomesoplenty:jacaranda_slab":107,"minecraft:candle":8,"minecraft:spruce_planks":1,"minecraft:beef":5,"minecraft:poppy":3,"minecraft:chest":6,"minecraft:furnace":1,"minecraft:iron_boots":1,"minecraft:stick":49,"minecraft:raw_iron":207,"minecraft:torch":7,"epicfight:skillbook":3,"minecraft:porkchop":1,"minecraft:cherry_log":49,"butchersdelight:deadsheep":1,"minecraft:arrow":7,"minecraft:rotten_flesh":31,"botania:light_gray_mystical_flower":1,"biomesoplenty:jacaranda_log":168,"butchersdelight:roaster":1,"minecraft:obsidian":2,"minecraft:mutton":2,"botania:magenta_double_flower":1,"minecraft:cobblestone":970,"biomesoplenty:lavender":3,"minecraft:magma_block":2,"minecraft:cherry_planks":10,"minecraft:potato":52,"biomesoplenty:jacaranda_door":1,"minecraft:flint":16,"minecraft:tuff":15,"minecraft:oak_log":18,"biomesoplenty:jacaranda_planks":1,"minecraft:yellow_bed":3,"butchersdelight:rack":8,"minecraft:dirt":845,"minecraft:lantern":1,"minecraft:bone":10,"minecraft:apple":4,"minecraft:bow":1,"minecraft:wheat_seeds":40,"minecraft:iron_ingot":6,"minecraft:moss_block":4,"minecraft:scaffolding":13,"minecraft:black_candle":1,"minecraft:dandelion":1,"butchersdelight:skullcow":1,"minecraft:gravel":99,"minecraft:sand":121,"minecraft:spruce_sapling":5,"minecraft:ink_sac":1,"minecraft:spruce_log":9,"minecraft:spider_eye":1,"mekanism:raw_osmium":26,"alexsmobs:animal_dictionary":1,"biomesoplenty:flowering_oak_sapling":3,"minecraft:iron_hoe":1,"butchersdelight:sheephide":7,"minecraft:iron_helmet":1,"minecraft:emerald":1,"minecraft:cherry_slab":3,"minecraft:oak_sapling":2,"butchersdelight:hook":4,"minecraft:netherrack":63,"minecraft:coal":95},"minecraft:killed_by":{"minecraft:player":1,"minecraft:creeper":1,"minecraft:skeleton":1,"minecraft:zombie":1}},"DataVersion":3465}