{"stats":{"minecraft:custom":{"minecraft:mob_kills":18,"minecraft:interact_with_crafting_table":47,"minecraft:leave_game":3,"minecraft:time_since_death":124397,"minecraft:climb_one_cm":918,"minecraft:sprint_one_cm":366012,"minecraft:walk_one_cm":970139,"minecraft:damage_blocked_by_shield":100,"minecraft:drop":79,"minecraft:talked_to_villager":4,"minecraft:play_time":207361,"minecraft:deaths":2,"minecraft:sneak_time":1265,"minecraft:walk_under_water_one_cm":1909,"minecraft:boat_one_cm":91067,"minecraft:jump":2359,"minecraft:walk_on_water_one_cm":35482,"minecraft:total_world_time":207361,"minecraft:interact_with_furnace":164,"minecraft:interact_with_grindstone":1,"minecraft:sleep_in_bed":3,"minecraft:time_since_rest":17821,"minecraft:damage_taken":964,"minecraft:damage_dealt":3643,"minecraft:swim_one_cm":5653,"minecraft:fly_one_cm":834203,"minecraft:open_chest":169,"minecraft:crouch_one_cm":6341,"minecraft:fall_one_cm":88220},"minecraft:killed":{"minecraft:spider":2,"minecraft:skeleton":3,"naturalist:bear":1,"minecraft:zombie":11},"minecraft:crafted":{"mekanism:ingot_osmium":48,"minecraft:furnace":4,"minecraft:stone":39,"minecraft:bone_meal":15,"butchersdelight:rack":1,"minecraft:glass":121,"minecraft:iron_boots":3,"butchersdelight:roaster":1,"minecraft:iron_hoe":1,"minecraft:chest":3,"biomesoplenty:jacaranda_planks":56,"minecraft:spruce_planks":4,"minecraft:iron_helmet":4,"minecraft:baked_potato":10,"minecraft:bucket":3,"minecraft:bread":1,"minecraft:air":0,"minecraft:iron_chestplate":2,"minecraft:stick":36,"minecraft:iron_ingot":184,"minecraft:iron_pickaxe":5,"minecraft:iron_shovel":1,"minecraft:iron_leggings":2,"minecraft:torch":24},"minecraft:dropped":{"minecraft:iron_sword":1,"minecraft:moss_block":2,"minecraft:porkchop":1,"minecraft:wheat_seeds":7,"botania:magenta_double_flower":2,"biomesoplenty:lavender":1,"minecraft:iron_helmet":4,"minecraft:cobblestone":88,"minecraft:coal":59,"minecraft:stick":7,"minecraft:flint":3,"minecraft:emerald":5,"minecraft:dirt":17,"minecraft:black_candle":1,"minecraft:iron_leggings":3,"gravestone:obituary":10,"minecraft:wooden_sword":2,"mekanism:raw_osmium":9,"minecraft:string":2,"minecraft:white_wool":2,"alexsmobs:animal_dictionary":1,"minecraft:tuff":9,"minecraft:obsidian":2,"minecraft:raw_iron":22,"minecraft:rotten_flesh":12,"minecraft:iron_boots":4,"minecraft:iron_hoe":1,"minecraft:shield":1,"minecraft:flower_pot":2,"minecraft:spruce_planks":10,"minecraft:iron_chestplate":3,"minecraft:spruce_log":3,"minecraft:beef":5,"minecraft:wooden_pickaxe":2,"minecraft:stone_pickaxe":1,"minecraft:netherrack":7},"minecraft:broken":{"minecraft:iron_shovel":1,"minecraft:iron_pickaxe":4,"minecraft:bow":1},"minecraft:used":{"minecraft:iron_shovel":315,"minecraft:chest":6,"minecraft:spruce_planks":1,"minecraft:shield":3,"minecraft:stone":4,"butchersdelight:hook":3,"minecraft:iron_sword":102,"minecraft:torch":23,"minecraft:dirt":65,"minecraft:tuff":2,"minecraft:milk_bucket":3,"minecraft:iron_hoe":212,"minecraft:glass":53,"butchersdelight:cleaver":1,"minecraft:lantern":4,"minecraft:iron_axe":30,"biomesoplenty:jacaranda_sapling":1,"minecraft:bow":1,"minecraft:scaffolding":6,"minecraft:furnace":5,"minecraft:egg":1,"minecraft:potato":30,"biomesoplenty:jacaranda_door":1,"minecraft:water_bucket":6,"minecraft:baked_potato":10,"minecraft:crafting_table":2,"minecraft:apple":1,"minecraft:bread":1,"minecraft:iron_pickaxe":1145,"butchersdelight:roaster":1,"minecraft:cobblestone":33,"minecraft:bucket":6,"minecraft:chain":2,"minecraft:yellow_bed":2,"alexsmobs:animal_dictionary":1,"butchersdelight:rack":6,"minecraft:bone_meal":15},"minecraft:mined":{"minecraft:tuff":7,"minecraft:spruce_planks":1,"minecraft:candle":2,"minecraft:red_stained_glass":2,"minecraft:black_candle_cake":1,"butchersdelight:rack":1,"mekanism:deepslate_osmium_ore":8,"minecraft:glow_lichen":2,"gravestone:gravestone":3,"biomesoplenty:bush":2,"minecraft:grass_block":34,"minecraft:spruce_leaves":13,"minecraft:moss_block":3,"biomesoplenty:jacaranda_log":14,"minecraft:magma_block":2,"biomesoplenty:tall_lavender":1,"butchersdelight:roaster":1,"minecraft:iron_ore":96,"biomesoplenty:lavender":5,"minecraft:potatoes":12,"minecraft:deepslate_iron_ore":46,"minecraft:lantern":1,"minecraft:stone":782,"butchersdelight:racksheep":4,"biomesoplenty:jacaranda_leaves":203,"minecraft:scaffolding":9,"mekanism:osmium_ore":16,"minecraft:crafting_table":1,"minecraft:torch":4,"minecraft:chest":1,"minecraft:glass":6,"minecraft:cobblestone":21,"minecraft:deepslate_coal_ore":15,"minecraft:wall_torch":1,"minecraft:pink_petals":1,"minecraft:light_gray_candle":1,"minecraft:wheat":2,"minecraft:spruce_log":8,"minecraft:yellow_bed":1,"minecraft:grass":13,"butchersdelight:hook":2,"minecraft:coal_ore":48,"minecraft:flower_pot":2,"minecraft:gravel":111,"minecraft:sand":128,"minecraft:dirt":76,"minecraft:netherrack":65,"minecraft:oak_leaves":1,"minecraft:deepslate_emerald_ore":1},"minecraft:picked_up":{"minecraft:iron_chestplate":1,"minecraft:crafting_table":1,"minecraft:wheat":3,"minecraft:flower_pot":2,"biomesoplenty:jacaranda_sapling":5,"gravestone:obituary":6,"minecraft:string":2,"minecraft:iron_leggings":1,"minecraft:candle":8,"minecraft:spruce_planks":1,"minecraft:beef":5,"minecraft:chest":1,"minecraft:iron_boots":1,"minecraft:furnace":1,"minecraft:stick":6,"minecraft:raw_iron":205,"minecraft:torch":5,"minecraft:porkchop":1,"butchersdelight:deadsheep":1,"minecraft:arrow":4,"minecraft:rotten_flesh":12,"biomesoplenty:jacaranda_log":14,"butchersdelight:roaster":1,"minecraft:obsidian":2,"minecraft:mutton":2,"botania:magenta_double_flower":1,"minecraft:cobblestone":835,"biomesoplenty:lavender":1,"minecraft:magma_block":2,"minecraft:potato":51,"minecraft:flint":16,"minecraft:tuff":15,"minecraft:yellow_bed":2,"butchersdelight:rack":5,"minecraft:dirt":113,"minecraft:lantern":1,"minecraft:bone":3,"minecraft:apple":1,"minecraft:bow":1,"minecraft:wheat_seeds":15,"minecraft:iron_ingot":6,"minecraft:moss_block":4,"minecraft:scaffolding":13,"minecraft:black_candle":1,"butchersdelight:skullcow":1,"minecraft:gravel":99,"minecraft:sand":121,"minecraft:spruce_log":8,"mekanism:raw_osmium":24,"alexsmobs:animal_dictionary":1,"minecraft:iron_hoe":1,"butchersdelight:sheephide":4,"minecraft:iron_helmet":1,"minecraft:emerald":1,"butchersdelight:hook":2,"minecraft:netherrack":63,"minecraft:coal":92},"minecraft:killed_by":{"minecraft:player":1,"minecraft:creeper":1}},"DataVersion":3465}