{"stats":{"minecraft:used":{"minecraft:spruce_planks":1,"minecraft:shield":3,"minecraft:iron_sword":26,"minecraft:torch":2,"minecraft:iron_pickaxe":234,"minecraft:cobblestone":5,"minecraft:bow":1,"minecraft:furnace":1,"alexsmobs:animal_dictionary":1},"minecraft:mined":{"minecraft:tuff":6,"minecraft:spruce_planks":1,"mekanism:osmium_ore":4,"mekanism:deepslate_osmium_ore":8,"gravestone:gravestone":2,"biomesoplenty:bush":2,"minecraft:cobblestone":17,"minecraft:deepslate_coal_ore":15,"minecraft:moss_block":3,"minecraft:iron_ore":74,"minecraft:spruce_log":7,"minecraft:grass":1,"minecraft:deepslate_iron_ore":46,"minecraft:stone":41,"minecraft:deepslate_emerald_ore":1},"minecraft:killed_by":{"minecraft:creeper":1},"minecraft:killed":{"naturalist:bear":1,"minecraft:skeleton":2,"minecraft:zombie":4},"minecraft:picked_up":{"minecraft:potato":1,"minecraft:tuff":8,"gravestone:obituary":3,"minecraft:dirt":1,"minecraft:bone":1,"minecraft:bow":1,"minecraft:spruce_planks":1,"minecraft:iron_ingot":6,"minecraft:moss_block":4,"minecraft:furnace":1,"minecraft:raw_iron":183,"minecraft:spruce_log":7,"mekanism:raw_osmium":12,"butchersdelight:deadsheep":1,"minecraft:arrow":4,"minecraft:rotten_flesh":2,"minecraft:emerald":1,"minecraft:coal":44,"minecraft:cobblestone":60},"minecraft:broken":{"minecraft:iron_pickaxe":1,"minecraft:bow":1},"minecraft:custom":{"minecraft:interact_with_furnace":79,"minecraft:mob_kills":7,"minecraft:interact_with_crafting_table":21,"minecraft:leave_game":1,"minecraft:time_since_death":45091,"minecraft:time_since_rest":45121,"minecraft:sprint_one_cm":103477,"minecraft:damage_taken":488,"minecraft:walk_one_cm":288827,"minecraft:damage_blocked_by_shield":100,"minecraft:drop":37,"minecraft:damage_dealt":1612,"minecraft:fly_one_cm":361115,"minecraft:open_chest":72,"minecraft:crouch_one_cm":888,"minecraft:play_time":69681,"minecraft:deaths":1,"minecraft:sneak_time":150,"minecraft:jump":1337,"minecraft:total_world_time":69681,"minecraft:fall_one_cm":45445},"minecraft:crafted":{"mekanism:ingot_osmium":15,"minecraft:iron_helmet":4,"minecraft:air":0,"minecraft:iron_boots":3,"minecraft:iron_chestplate":2,"minecraft:stick":8,"minecraft:iron_ingot":158,"minecraft:iron_pickaxe":2,"minecraft:iron_leggings":2,"minecraft:torch":24},"minecraft:dropped":{"minecraft:iron_sword":1,"minecraft:moss_block":2,"minecraft:tuff":3,"minecraft:raw_iron":22,"botania:magenta_double_flower":1,"minecraft:iron_helmet":3,"minecraft:rotten_flesh":2,"minecraft:iron_boots":3,"minecraft:coal":59,"minecraft:emerald":5,"minecraft:dirt":7,"minecraft:shield":1,"minecraft:spruce_planks":10,"minecraft:iron_chestplate":2,"minecraft:iron_leggings":2,"gravestone:obituary":6,"minecraft:wooden_sword":1,"mekanism:raw_osmium":9,"minecraft:stone_pickaxe":1,"minecraft:wooden_pickaxe":1,"minecraft:white_wool":1}},"DataVersion":3465}