{"stats":{"minecraft:used":{"minecraft:water_bucket":1,"minecraft:baked_potato":3,"minecraft:spruce_planks":1,"minecraft:shield":3,"butchersdelight:hook":1,"minecraft:iron_sword":97,"minecraft:torch":3,"minecraft:dirt":3,"minecraft:tuff":2,"minecraft:iron_hoe":3,"minecraft:apple":1,"minecraft:bread":1,"minecraft:iron_pickaxe":251,"butchersdelight:roaster":1,"minecraft:cobblestone":33,"minecraft:bow":1,"minecraft:furnace":1,"minecraft:bucket":4,"alexsmobs:animal_dictionary":1,"minecraft:potato":14,"butchersdelight:rack":1,"minecraft:bone_meal":12},"minecraft:mined":{"minecraft:tuff":7,"minecraft:scaffolding":3,"minecraft:spruce_planks":1,"mekanism:osmium_ore":4,"minecraft:candle":2,"minecraft:red_stained_glass":2,"minecraft:black_candle_cake":1,"minecraft:glow_lichen":2,"mekanism:deepslate_osmium_ore":8,"gravestone:gravestone":3,"biomesoplenty:bush":2,"minecraft:cobblestone":19,"minecraft:deepslate_coal_ore":15,"minecraft:spruce_leaves":1,"minecraft:moss_block":3,"minecraft:pink_petals":1,"minecraft:light_gray_candle":1,"minecraft:magma_block":2,"butchersdelight:roaster":1,"minecraft:iron_ore":76,"minecraft:wheat":2,"minecraft:spruce_log":7,"minecraft:yellow_bed":1,"minecraft:potatoes":3,"minecraft:grass":8,"minecraft:deepslate_iron_ore":46,"minecraft:flower_pot":2,"minecraft:stone":41,"minecraft:netherrack":7,"minecraft:oak_leaves":1,"minecraft:deepslate_emerald_ore":1},"minecraft:killed_by":{"minecraft:player":1,"minecraft:creeper":1},"minecraft:killed":{"naturalist:bear":1,"minecraft:spider":2,"minecraft:skeleton":3,"minecraft:zombie":11},"minecraft:picked_up":{"minecraft:magma_block":2,"minecraft:wheat":3,"minecraft:flower_pot":2,"minecraft:potato":34,"minecraft:tuff":9,"minecraft:yellow_bed":1,"gravestone:obituary":3,"minecraft:string":2,"minecraft:dirt":3,"minecraft:bone":2,"minecraft:apple":1,"minecraft:bow":1,"minecraft:wheat_seeds":14,"minecraft:candle":8,"minecraft:spruce_planks":1,"minecraft:iron_ingot":6,"minecraft:moss_block":4,"minecraft:furnace":1,"minecraft:scaffolding":7,"minecraft:raw_iron":185,"minecraft:black_candle":1,"minecraft:porkchop":1,"minecraft:spruce_log":7,"mekanism:raw_osmium":12,"butchersdelight:deadsheep":1,"minecraft:arrow":4,"minecraft:rotten_flesh":7,"minecraft:emerald":1,"minecraft:netherrack":7,"butchersdelight:roaster":1,"minecraft:mutton":2,"minecraft:coal":44,"minecraft:cobblestone":62},"minecraft:broken":{"minecraft:iron_pickaxe":1,"minecraft:bow":1},"minecraft:custom":{"minecraft:interact_with_furnace":98,"minecraft:mob_kills":18,"minecraft:interact_with_crafting_table":30,"minecraft:interact_with_grindstone":1,"minecraft:leave_game":1,"minecraft:time_since_death":22717,"minecraft:time_since_rest":22796,"minecraft:sprint_one_cm":257991,"minecraft:damage_taken":801,"minecraft:walk_one_cm":391722,"minecraft:damage_blocked_by_shield":100,"minecraft:drop":52,"minecraft:damage_dealt":3634,"minecraft:talked_to_villager":4,"minecraft:swim_one_cm":5653,"minecraft:fly_one_cm":619758,"minecraft:open_chest":94,"minecraft:crouch_one_cm":4058,"minecraft:play_time":105681,"minecraft:deaths":2,"minecraft:sneak_time":669,"minecraft:walk_under_water_one_cm":1909,"minecraft:boat_one_cm":91067,"minecraft:jump":1756,"minecraft:walk_on_water_one_cm":34980,"minecraft:total_world_time":105681,"minecraft:fall_one_cm":54268},"minecraft:crafted":{"mekanism:ingot_osmium":29,"minecraft:baked_potato":3,"minecraft:iron_helmet":4,"minecraft:bone_meal":12,"minecraft:bucket":3,"minecraft:bread":1,"minecraft:air":0,"butchersdelight:rack":1,"minecraft:iron_boots":3,"minecraft:iron_chestplate":2,"butchersdelight:roaster":1,"minecraft:iron_hoe":1,"minecraft:stick":12,"minecraft:iron_ingot":161,"minecraft:iron_pickaxe":2,"minecraft:iron_leggings":2,"minecraft:torch":24},"minecraft:dropped":{"minecraft:iron_sword":1,"minecraft:moss_block":2,"minecraft:porkchop":1,"minecraft:wheat_seeds":7,"alexsmobs:animal_dictionary":1,"minecraft:tuff":6,"minecraft:raw_iron":22,"botania:magenta_double_flower":2,"minecraft:iron_helmet":3,"minecraft:rotten_flesh":2,"minecraft:iron_boots":3,"minecraft:coal":59,"minecraft:emerald":5,"minecraft:dirt":7,"minecraft:black_candle":1,"minecraft:shield":1,"minecraft:spruce_planks":10,"minecraft:iron_chestplate":2,"minecraft:spruce_log":3,"minecraft:iron_leggings":2,"gravestone:obituary":8,"minecraft:wooden_sword":2,"mekanism:raw_osmium":9,"minecraft:stone_pickaxe":1,"minecraft:wooden_pickaxe":2,"minecraft:string":2,"minecraft:white_wool":2}},"DataVersion":3465}