{"stats":{"minecraft:used":{"minecraft:iron_pickaxe":189,"minecraft:spruce_planks":1,"minecraft:shield":3,"minecraft:iron_sword":16,"minecraft:torch":1,"minecraft:cobblestone":1,"minecraft:bow":1,"minecraft:furnace":1,"alexsmobs:animal_dictionary":1},"minecraft:mined":{"minecraft:tuff":5,"minecraft:spruce_planks":1,"mekanism:osmium_ore":4,"minecraft:iron_ore":74,"mekanism:deepslate_osmium_ore":8,"gravestone:gravestone":2,"minecraft:grass":1,"biomesoplenty:bush":2,"minecraft:deepslate_iron_ore":46,"minecraft:cobblestone":3,"minecraft:deepslate_coal_ore":15,"minecraft:stone":11,"minecraft:moss_block":3,"minecraft:deepslate_emerald_ore":1},"minecraft:killed_by":{"minecraft:creeper":1},"minecraft:killed":{"minecraft:skeleton":2,"minecraft:zombie":3},"minecraft:picked_up":{"minecraft:raw_iron":183,"minecraft:potato":1,"minecraft:tuff":7,"minecraft:dirt":1,"mekanism:raw_osmium":12,"minecraft:bone":1,"butchersdelight:deadsheep":1,"minecraft:arrow":4,"minecraft:rotten_flesh":2,"minecraft:bow":1,"minecraft:spruce_planks":1,"minecraft:iron_ingot":6,"minecraft:emerald":1,"minecraft:moss_block":4,"minecraft:coal":44,"minecraft:furnace":1,"minecraft:cobblestone":16},"minecraft:broken":{"minecraft:bow":1},"minecraft:custom":{"minecraft:time_since_rest":23225,"minecraft:interact_with_furnace":66,"minecraft:sprint_one_cm":73007,"minecraft:damage_taken":377,"minecraft:walk_one_cm":193086,"minecraft:damage_blocked_by_shield":100,"minecraft:mob_kills":5,"minecraft:drop":14,"minecraft:damage_dealt":1111,"minecraft:interact_with_crafting_table":19,"minecraft:fly_one_cm":234037,"minecraft:open_chest":53,"minecraft:crouch_one_cm":888,"minecraft:play_time":47785,"minecraft:deaths":1,"minecraft:sneak_time":150,"minecraft:jump":872,"minecraft:time_since_death":23195,"minecraft:total_world_time":47785,"minecraft:fall_one_cm":22071},"minecraft:crafted":{"minecraft:iron_chestplate":2,"minecraft:iron_boots":3,"mekanism:ingot_osmium":15,"minecraft:stick":8,"minecraft:iron_ingot":109,"minecraft:iron_pickaxe":2,"minecraft:iron_helmet":4,"minecraft:iron_leggings":2,"minecraft:torch":24,"minecraft:air":0},"minecraft:dropped":{"minecraft:moss_block":2,"minecraft:shield":1,"minecraft:raw_iron":22,"minecraft:iron_helmet":1,"minecraft:rotten_flesh":2,"minecraft:iron_boots":1,"minecraft:white_wool":1,"minecraft:coal":59,"minecraft:emerald":5}},"DataVersion":3465}