{"stats":{"minecraft:used":{"minecraft:iron_pickaxe":1,"alexsmobs:animal_dictionary":1},"minecraft:mined":{"minecraft:grass":1,"minecraft:deepslate_iron_ore":1},"minecraft:custom":{"minecraft:jump":207,"minecraft:open_chest":2,"minecraft:time_since_rest":5785,"minecraft:crouch_one_cm":356,"minecraft:interact_with_furnace":3,"minecraft:sprint_one_cm":14143,"minecraft:play_time":5785,"minecraft:time_since_death":5785,"minecraft:walk_one_cm":20904,"minecraft:sneak_time":38,"minecraft:total_world_time":5785,"minecraft:interact_with_crafting_table":2,"minecraft:fall_one_cm":3717,"minecraft:fly_one_cm":55892},"minecraft:crafted":{"minecraft:iron_pickaxe":1,"minecraft:iron_helmet":1}},"DataVersion":3465}