{"stats":{"minecraft:used":{"minecraft:spruce_planks":1,"minecraft:shield":3,"minecraft:iron_sword":26,"minecraft:torch":1,"minecraft:iron_pickaxe":189,"minecraft:cobblestone":1,"minecraft:bow":1,"minecraft:furnace":1,"alexsmobs:animal_dictionary":1},"minecraft:mined":{"minecraft:tuff":5,"minecraft:spruce_planks":1,"mekanism:osmium_ore":4,"mekanism:deepslate_osmium_ore":8,"gravestone:gravestone":2,"biomesoplenty:bush":2,"minecraft:cobblestone":3,"minecraft:deepslate_coal_ore":15,"minecraft:moss_block":3,"minecraft:iron_ore":74,"minecraft:grass":1,"minecraft:deepslate_iron_ore":46,"minecraft:stone":11,"minecraft:deepslate_emerald_ore":1},"minecraft:killed_by":{"minecraft:creeper":1},"minecraft:killed":{"naturalist:bear":1,"minecraft:skeleton":2,"minecraft:zombie":4},"minecraft:picked_up":{"minecraft:potato":1,"minecraft:tuff":7,"gravestone:obituary":3,"minecraft:dirt":1,"minecraft:bone":1,"minecraft:bow":1,"minecraft:spruce_planks":1,"minecraft:iron_ingot":6,"minecraft:moss_block":4,"minecraft:furnace":1,"minecraft:raw_iron":183,"mekanism:raw_osmium":12,"minecraft:arrow":4,"butchersdelight:deadsheep":1,"minecraft:rotten_flesh":2,"minecraft:emerald":1,"minecraft:coal":44,"minecraft:cobblestone":16},"minecraft:broken":{"minecraft:bow":1},"minecraft:custom":{"minecraft:interact_with_furnace":73,"minecraft:mob_kills":7,"minecraft:interact_with_crafting_table":20,"minecraft:time_since_death":35195,"minecraft:time_since_rest":35225,"minecraft:sprint_one_cm":97171,"minecraft:damage_taken":484,"minecraft:walk_one_cm":245705,"minecraft:damage_blocked_by_shield":100,"minecraft:drop":37,"minecraft:damage_dealt":1612,"minecraft:fly_one_cm":326325,"minecraft:open_chest":63,"minecraft:crouch_one_cm":888,"minecraft:play_time":59785,"minecraft:deaths":1,"minecraft:sneak_time":150,"minecraft:jump":1099,"minecraft:total_world_time":59785,"minecraft:fall_one_cm":35846},"minecraft:crafted":{"mekanism:ingot_osmium":15,"minecraft:iron_helmet":4,"minecraft:air":0,"minecraft:iron_boots":3,"minecraft:iron_chestplate":2,"minecraft:stick":8,"minecraft:iron_ingot":125,"minecraft:iron_pickaxe":2,"minecraft:iron_leggings":2,"minecraft:torch":24},"minecraft:dropped":{"minecraft:iron_sword":1,"minecraft:moss_block":2,"minecraft:tuff":3,"minecraft:raw_iron":22,"botania:magenta_double_flower":1,"minecraft:iron_helmet":3,"minecraft:rotten_flesh":2,"minecraft:iron_boots":3,"minecraft:coal":59,"minecraft:emerald":5,"minecraft:dirt":7,"minecraft:shield":1,"minecraft:spruce_planks":10,"minecraft:iron_chestplate":2,"minecraft:iron_leggings":2,"gravestone:obituary":6,"minecraft:wooden_sword":1,"mekanism:raw_osmium":9,"minecraft:stone_pickaxe":1,"minecraft:wooden_pickaxe":1,"minecraft:white_wool":1}},"DataVersion":3465}