{"stats":{"minecraft:used":{"minecraft:iron_pickaxe":174,"alexsmobs:animal_dictionary":1},"minecraft:mined":{"minecraft:grass":1,"minecraft:tuff":5,"minecraft:deepslate_iron_ore":46,"mekanism:osmium_ore":4,"minecraft:iron_ore":74,"minecraft:cobblestone":2,"minecraft:deepslate_coal_ore":15,"minecraft:stone":11,"minecraft:moss_block":3,"minecraft:deepslate_emerald_ore":1,"mekanism:deepslate_osmium_ore":8},"minecraft:killed":{"minecraft:zombie":1},"minecraft:picked_up":{"minecraft:raw_iron":118,"minecraft:rotten_flesh":2,"minecraft:tuff":4,"minecraft:emerald":1,"minecraft:moss_block":3,"mekanism:raw_osmium":12,"minecraft:coal":15,"minecraft:cobblestone":13},"minecraft:custom":{"minecraft:time_since_rest":17785,"minecraft:open_chest":2,"minecraft:crouch_one_cm":356,"minecraft:play_time":17785,"minecraft:interact_with_furnace":3,"minecraft:sprint_one_cm":28593,"minecraft:damage_taken":14,"minecraft:walk_one_cm":63829,"minecraft:sneak_time":38,"minecraft:mob_kills":1,"minecraft:jump":456,"minecraft:damage_dealt":200,"minecraft:time_since_death":17785,"minecraft:total_world_time":17785,"minecraft:interact_with_crafting_table":2,"minecraft:fall_one_cm":9706,"minecraft:fly_one_cm":97823},"minecraft:crafted":{"minecraft:iron_helmet":1,"minecraft:iron_pickaxe":1}},"DataVersion":3465}