{"stats":{"minecraft:used":{"minecraft:iron_shovel":168,"minecraft:spruce_planks":1,"minecraft:chest":1,"minecraft:shield":3,"minecraft:iron_sword":97,"butchersdelight:hook":1,"minecraft:torch":6,"minecraft:dirt":27,"minecraft:tuff":2,"minecraft:milk_bucket":3,"minecraft:iron_hoe":201,"minecraft:iron_axe":29,"minecraft:bow":1,"minecraft:furnace":1,"minecraft:egg":1,"minecraft:potato":14,"minecraft:water_bucket":4,"minecraft:baked_potato":3,"minecraft:crafting_table":1,"minecraft:apple":1,"minecraft:bread":1,"minecraft:iron_pickaxe":834,"butchersdelight:roaster":1,"minecraft:cobblestone":33,"minecraft:bucket":6,"minecraft:yellow_bed":1,"alexsmobs:animal_dictionary":1,"butchersdelight:rack":1,"minecraft:bone_meal":12},"minecraft:mined":{"minecraft:tuff":7,"minecraft:spruce_planks":1,"minecraft:candle":2,"minecraft:black_candle_cake":1,"minecraft:red_stained_glass":2,"mekanism:deepslate_osmium_ore":8,"minecraft:glow_lichen":2,"gravestone:gravestone":3,"biomesoplenty:bush":2,"minecraft:grass_block":22,"minecraft:spruce_leaves":9,"minecraft:moss_block":3,"biomesoplenty:jacaranda_log":14,"minecraft:magma_block":2,"biomesoplenty:tall_lavender":1,"butchersdelight:roaster":1,"minecraft:iron_ore":96,"biomesoplenty:lavender":5,"minecraft:potatoes":3,"minecraft:deepslate_iron_ore":46,"minecraft:stone":481,"biomesoplenty:jacaranda_leaves":203,"minecraft:scaffolding":3,"mekanism:osmium_ore":14,"minecraft:cobblestone":19,"minecraft:deepslate_coal_ore":15,"minecraft:pink_petals":1,"minecraft:light_gray_candle":1,"minecraft:wheat":2,"minecraft:spruce_log":8,"minecraft:yellow_bed":1,"minecraft:grass":13,"minecraft:coal_ore":48,"minecraft:gravel":111,"minecraft:flower_pot":2,"minecraft:dirt":44,"minecraft:netherrack":65,"minecraft:deepslate_emerald_ore":1,"minecraft:oak_leaves":1},"minecraft:killed_by":{"minecraft:player":1,"minecraft:creeper":1},"minecraft:killed":{"minecraft:spider":2,"minecraft:skeleton":3,"naturalist:bear":1,"minecraft:zombie":11},"minecraft:picked_up":{"minecraft:wheat":3,"minecraft:flower_pot":2,"biomesoplenty:jacaranda_sapling":5,"gravestone:obituary":3,"minecraft:string":2,"minecraft:candle":8,"minecraft:spruce_planks":1,"minecraft:furnace":1,"minecraft:stick":1,"minecraft:raw_iron":205,"minecraft:porkchop":1,"minecraft:arrow":4,"butchersdelight:deadsheep":1,"minecraft:rotten_flesh":12,"biomesoplenty:jacaranda_log":14,"butchersdelight:roaster":1,"minecraft:mutton":2,"minecraft:obsidian":2,"minecraft:cobblestone":537,"biomesoplenty:lavender":1,"minecraft:magma_block":2,"minecraft:potato":34,"minecraft:flint":16,"minecraft:tuff":9,"minecraft:yellow_bed":1,"minecraft:dirt":70,"minecraft:bone":2,"minecraft:apple":1,"minecraft:bow":1,"minecraft:wheat_seeds":14,"minecraft:iron_ingot":6,"minecraft:moss_block":4,"minecraft:scaffolding":7,"minecraft:black_candle":1,"minecraft:gravel":99,"minecraft:spruce_log":8,"mekanism:raw_osmium":22,"minecraft:iron_hoe":1,"minecraft:emerald":1,"minecraft:netherrack":63,"minecraft:coal":92},"minecraft:broken":{"minecraft:iron_pickaxe":3,"minecraft:bow":1},"minecraft:custom":{"minecraft:mob_kills":18,"minecraft:interact_with_crafting_table":35,"minecraft:leave_game":1,"minecraft:time_since_death":46717,"minecraft:sprint_one_cm":305241,"minecraft:walk_one_cm":516208,"minecraft:damage_blocked_by_shield":100,"minecraft:drop":64,"minecraft:talked_to_villager":4,"minecraft:play_time":129681,"minecraft:deaths":2,"minecraft:sneak_time":728,"minecraft:walk_under_water_one_cm":1909,"minecraft:boat_one_cm":91067,"minecraft:jump":2001,"minecraft:walk_on_water_one_cm":35466,"minecraft:total_world_time":129681,"minecraft:interact_with_furnace":98,"minecraft:interact_with_grindstone":1,"minecraft:sleep_in_bed":1,"minecraft:time_since_rest":3088,"minecraft:damage_taken":939,"minecraft:damage_dealt":3634,"minecraft:swim_one_cm":5653,"minecraft:fly_one_cm":698515,"minecraft:open_chest":99,"minecraft:crouch_one_cm":4451,"minecraft:fall_one_cm":61762},"minecraft:crafted":{"mekanism:ingot_osmium":29,"minecraft:bone_meal":12,"butchersdelight:rack":1,"minecraft:iron_boots":3,"butchersdelight:roaster":1,"minecraft:iron_hoe":1,"biomesoplenty:jacaranda_planks":56,"minecraft:spruce_planks":4,"minecraft:iron_helmet":4,"minecraft:baked_potato":3,"minecraft:bucket":3,"minecraft:bread":1,"minecraft:air":0,"minecraft:iron_chestplate":2,"minecraft:stick":20,"minecraft:iron_ingot":161,"minecraft:iron_pickaxe":4,"minecraft:iron_leggings":2,"minecraft:iron_shovel":1,"minecraft:torch":24},"minecraft:dropped":{"minecraft:iron_sword":1,"minecraft:moss_block":2,"minecraft:porkchop":1,"minecraft:wheat_seeds":7,"botania:magenta_double_flower":2,"biomesoplenty:lavender":1,"minecraft:iron_helmet":3,"minecraft:cobblestone":88,"minecraft:coal":59,"minecraft:emerald":5,"minecraft:flint":3,"minecraft:dirt":17,"minecraft:black_candle":1,"minecraft:iron_leggings":2,"gravestone:obituary":8,"minecraft:wooden_sword":2,"mekanism:raw_osmium":9,"minecraft:string":2,"minecraft:white_wool":2,"alexsmobs:animal_dictionary":1,"minecraft:tuff":6,"minecraft:obsidian":2,"minecraft:raw_iron":22,"minecraft:rotten_flesh":12,"minecraft:iron_boots":3,"minecraft:iron_hoe":1,"minecraft:shield":1,"minecraft:flower_pot":2,"minecraft:spruce_planks":10,"minecraft:iron_chestplate":2,"minecraft:spruce_log":3,"minecraft:wooden_pickaxe":2,"minecraft:stone_pickaxe":1,"minecraft:netherrack":7}},"DataVersion":3465}