{"stats":{"minecraft:used":{"minecraft:water_bucket":1,"minecraft:baked_potato":2,"minecraft:spruce_planks":1,"minecraft:shield":3,"butchersdelight:hook":1,"minecraft:iron_sword":37,"minecraft:torch":3,"minecraft:dirt":3,"minecraft:tuff":2,"minecraft:iron_hoe":3,"minecraft:bread":1,"minecraft:iron_pickaxe":237,"butchersdelight:roaster":1,"minecraft:cobblestone":33,"minecraft:bow":1,"minecraft:furnace":1,"minecraft:bucket":4,"alexsmobs:animal_dictionary":1,"minecraft:potato":14,"butchersdelight:rack":1,"minecraft:bone_meal":12},"minecraft:mined":{"minecraft:tuff":7,"minecraft:spruce_planks":1,"mekanism:osmium_ore":4,"mekanism:deepslate_osmium_ore":8,"gravestone:gravestone":3,"biomesoplenty:bush":2,"minecraft:cobblestone":19,"minecraft:deepslate_coal_ore":15,"minecraft:moss_block":3,"butchersdelight:roaster":1,"minecraft:iron_ore":74,"minecraft:wheat":2,"minecraft:spruce_log":7,"minecraft:potatoes":3,"minecraft:grass":1,"minecraft:deepslate_iron_ore":46,"minecraft:stone":41,"minecraft:deepslate_emerald_ore":1},"minecraft:killed_by":{"minecraft:player":1,"minecraft:creeper":1},"minecraft:killed":{"naturalist:bear":1,"minecraft:skeleton":2,"minecraft:zombie":5},"minecraft:picked_up":{"minecraft:wheat":3,"minecraft:potato":34,"minecraft:tuff":9,"gravestone:obituary":3,"minecraft:dirt":3,"minecraft:bone":2,"minecraft:apple":1,"minecraft:bow":1,"minecraft:wheat_seeds":7,"minecraft:spruce_planks":1,"minecraft:iron_ingot":6,"minecraft:moss_block":4,"minecraft:furnace":1,"minecraft:raw_iron":183,"minecraft:spruce_log":7,"mekanism:raw_osmium":12,"butchersdelight:deadsheep":1,"minecraft:arrow":4,"minecraft:rotten_flesh":2,"minecraft:emerald":1,"butchersdelight:roaster":1,"minecraft:mutton":2,"minecraft:coal":44,"minecraft:cobblestone":62},"minecraft:broken":{"minecraft:iron_pickaxe":1,"minecraft:bow":1},"minecraft:custom":{"minecraft:interact_with_furnace":98,"minecraft:mob_kills":9,"minecraft:interact_with_crafting_table":30,"minecraft:leave_game":1,"minecraft:time_since_death":10717,"minecraft:time_since_rest":10796,"minecraft:sprint_one_cm":128572,"minecraft:damage_taken":661,"minecraft:walk_one_cm":351225,"minecraft:damage_blocked_by_shield":100,"minecraft:drop":45,"minecraft:damage_dealt":1794,"minecraft:swim_one_cm":1702,"minecraft:fly_one_cm":444440,"minecraft:open_chest":89,"minecraft:crouch_one_cm":4058,"minecraft:play_time":93681,"minecraft:deaths":2,"minecraft:sneak_time":669,"minecraft:walk_under_water_one_cm":849,"minecraft:boat_one_cm":91067,"minecraft:jump":1427,"minecraft:walk_on_water_one_cm":9725,"minecraft:total_world_time":93681,"minecraft:fall_one_cm":46677},"minecraft:crafted":{"mekanism:ingot_osmium":29,"minecraft:baked_potato":3,"minecraft:iron_helmet":4,"minecraft:bone_meal":12,"minecraft:bucket":3,"minecraft:bread":1,"minecraft:air":0,"butchersdelight:rack":1,"minecraft:iron_boots":3,"minecraft:iron_chestplate":2,"butchersdelight:roaster":1,"minecraft:iron_hoe":1,"minecraft:stick":12,"minecraft:iron_ingot":161,"minecraft:iron_pickaxe":2,"minecraft:iron_leggings":2,"minecraft:torch":24},"minecraft:dropped":{"minecraft:iron_sword":1,"minecraft:moss_block":2,"alexsmobs:animal_dictionary":1,"minecraft:tuff":6,"minecraft:raw_iron":22,"botania:magenta_double_flower":2,"minecraft:iron_helmet":3,"minecraft:rotten_flesh":2,"minecraft:iron_boots":3,"minecraft:coal":59,"minecraft:emerald":5,"minecraft:dirt":7,"minecraft:shield":1,"minecraft:spruce_planks":10,"minecraft:iron_chestplate":2,"minecraft:spruce_log":3,"minecraft:iron_leggings":2,"gravestone:obituary":8,"minecraft:wooden_sword":1,"mekanism:raw_osmium":9,"minecraft:stone_pickaxe":1,"minecraft:wooden_pickaxe":1,"minecraft:white_wool":1}},"DataVersion":3465}