{"stats":{"minecraft:used":{"minecraft:iron_pickaxe":188,"minecraft:spruce_planks":1,"minecraft:shield":1,"minecraft:bow":1,"minecraft:furnace":1,"alexsmobs:animal_dictionary":1},"minecraft:mined":{"minecraft:tuff":5,"minecraft:spruce_planks":1,"mekanism:osmium_ore":4,"minecraft:iron_ore":74,"mekanism:deepslate_osmium_ore":8,"gravestone:gravestone":1,"minecraft:grass":1,"biomesoplenty:bush":2,"minecraft:deepslate_iron_ore":46,"minecraft:cobblestone":2,"minecraft:deepslate_coal_ore":15,"minecraft:stone":11,"minecraft:moss_block":3,"minecraft:deepslate_emerald_ore":1},"minecraft:killed_by":{"minecraft:creeper":1},"minecraft:killed":{"minecraft:skeleton":2,"minecraft:zombie":1},"minecraft:picked_up":{"minecraft:raw_iron":183,"minecraft:tuff":4,"minecraft:dirt":1,"mekanism:raw_osmium":12,"minecraft:bone":1,"butchersdelight:deadsheep":1,"minecraft:arrow":4,"minecraft:rotten_flesh":2,"minecraft:bow":1,"minecraft:spruce_planks":1,"minecraft:iron_ingot":6,"minecraft:emerald":1,"minecraft:moss_block":3,"minecraft:coal":44,"minecraft:furnace":1,"minecraft:cobblestone":13},"minecraft:broken":{"minecraft:bow":1},"minecraft:custom":{"minecraft:time_since_rest":5225,"minecraft:interact_with_furnace":35,"minecraft:sprint_one_cm":65031,"minecraft:damage_taken":326,"minecraft:walk_one_cm":112351,"minecraft:damage_blocked_by_shield":30,"minecraft:mob_kills":3,"minecraft:drop":10,"minecraft:damage_dealt":561,"minecraft:interact_with_crafting_table":7,"minecraft:fly_one_cm":209188,"minecraft:open_chest":13,"minecraft:crouch_one_cm":694,"minecraft:play_time":29785,"minecraft:deaths":1,"minecraft:sneak_time":90,"minecraft:jump":754,"minecraft:time_since_death":5195,"minecraft:total_world_time":29785,"minecraft:fall_one_cm":17030},"minecraft:crafted":{"minecraft:iron_boots":1,"minecraft:iron_ingot":52,"minecraft:iron_pickaxe":1,"minecraft:iron_helmet":2,"minecraft:air":0},"minecraft:dropped":{"minecraft:shield":1,"minecraft:iron_helmet":1,"minecraft:rotten_flesh":2,"minecraft:iron_boots":1,"minecraft:emerald":5}},"DataVersion":3465}