{"stats":{"minecraft:dropped":{"minecraft:iron_sword":1,"minecraft:moss_block":2,"minecraft:porkchop":1,"minecraft:wheat_seeds":8,"minecraft:cherry_log":37,"biomesoplenty:lavender":1,"botania:magenta_double_flower":2,"minecraft:iron_helmet":4,"minecraft:cobblestone":280,"biomesoplenty:jacaranda_planks":545,"minecraft:grass_block":1,"minecraft:coal":59,"minecraft:flint":3,"minecraft:emerald":5,"minecraft:stick":29,"biomesoplenty:jacaranda_log":83,"minecraft:dirt":81,"minecraft:black_candle":1,"biomesoplenty:flowering_oak_sapling":1,"minecraft:cherry_planks":68,"minecraft:iron_leggings":3,"gravestone:obituary":11,"minecraft:wooden_sword":2,"mekanism:raw_osmium":9,"minecraft:iron_axe":1,"minecraft:string":5,"minecraft:white_wool":2,"minecraft:dandelion":1,"minecraft:cherry_stairs":6,"alexsmobs:animal_dictionary":1,"minecraft:tuff":14,"minecraft:obsidian":2,"minecraft:raw_iron":22,"minecraft:rotten_flesh":12,"minecraft:iron_boots":4,"minecraft:iron_hoe":1,"minecraft:cherry_slab":12,"biomesoplenty:jacaranda_slab":26,"minecraft:potato":1,"minecraft:stone":1,"minecraft:shield":1,"minecraft:flower_pot":2,"minecraft:spruce_planks":10,"minecraft:iron_chestplate":3,"minecraft:spider_eye":1,"minecraft:spruce_log":4,"minecraft:stone_pickaxe":1,"minecraft:beef":5,"minecraft:wooden_pickaxe":2,"minecraft:netherrack":7,"epicfight:skillbook":1},"minecraft:crafted":{"minecraft:cherry_planks":188,"mekanism:ingot_osmium":48,"minecraft:cherry_slab":120,"minecraft:furnace":4,"minecraft:stone":39,"minecraft:bone_meal":36,"butchersdelight:rack":1,"minecraft:glass":121,"minecraft:iron_boots":3,"minecraft:iron_axe":2,"butchersdelight:roaster":1,"minecraft:iron_hoe":1,"minecraft:cherry_stairs":12,"minecraft:chest":4,"biomesoplenty:jacaranda_planks":672,"minecraft:spruce_planks":4,"minecraft:iron_helmet":4,"minecraft:baked_potato":12,"epicfight:iron_longsword":1,"minecraft:bucket":3,"biomesoplenty:jacaranda_slab":222,"minecraft:bread":1,"minecraft:air":0,"minecraft:iron_chestplate":2,"minecraft:stick":36,"minecraft:iron_ingot":184,"minecraft:iron_pickaxe":6,"minecraft:iron_leggings":2,"minecraft:iron_shovel":3,"minecraft:torch":24},"minecraft:killed":{"minecraft:spider":8,"minecraft:skeleton":8,"naturalist:bear":1,"minecraft:creeper":4,"minecraft:zombie":40},"minecraft:mined":{"minecraft:tuff":7,"minecraft:spruce_planks":1,"minecraft:candle":2,"minecraft:black_candle_cake":1,"minecraft:red_stained_glass":2,"butchersdelight:rack":1,"minecraft:cherry_log":69,"minecraft:cherry_sapling":2,"minecraft:stripped_cherry_log":4,"mekanism:deepslate_osmium_ore":8,"minecraft:glow_lichen":2,"gravestone:gravestone":7,"biomesoplenty:bush":2,"minecraft:grass_block":730,"biomesoplenty:flowering_oak_leaves":14,"minecraft:spruce_leaves":86,"minecraft:moss_block":3,"biomesoplenty:jacaranda_sapling":2,"biomesoplenty:jacaranda_log":171,"minecraft:magma_block":2,"biomesoplenty:tall_lavender":3,"butchersdelight:roaster":1,"minecraft:iron_ore":98,"biomesoplenty:lavender":6,"minecraft:potatoes":12,"minecraft:deepslate_iron_ore":46,"minecraft:dirt_path":2,"minecraft:lantern":1,"biomesoplenty:jacaranda_door":1,"minecraft:stone":918,"butchersdelight:racksheep":7,"biomesoplenty:jacaranda_leaves":262,"minecraft:scaffolding":9,"mekanism:osmium_ore":18,"minecraft:cherry_planks":11,"biomesoplenty:jacaranda_planks":5,"biomesoplenty:jacaranda_slab":106,"minecraft:dandelion":1,"minecraft:crafting_table":1,"minecraft:torch":4,"minecraft:poppy":2,"minecraft:chest":6,"minecraft:glass":6,"minecraft:tall_grass":2,"minecraft:cobblestone":21,"minecraft:deepslate_coal_ore":15,"biomesoplenty:sprout":19,"minecraft:wall_torch":1,"minecraft:cherry_slab":2,"minecraft:pink_petals":1,"minecraft:light_gray_candle":1,"minecraft:wheat":2,"minecraft:spruce_log":8,"minecraft:yellow_bed":2,"butchersdelight:hook":4,"minecraft:grass":80,"biomesoplenty:clover":29,"minecraft:oak_log":12,"minecraft:coal_ore":51,"minecraft:gravel":111,"minecraft:dirt":312,"minecraft:cherry_leaves":59,"minecraft:sand":128,"minecraft:flower_pot":2,"biomesoplenty:flowering_oak_sapling":1,"minecraft:netherrack":65,"minecraft:deepslate_emerald_ore":1,"minecraft:oak_leaves":26},"minecraft:custom":{"minecraft:mob_kills":62,"minecraft:interact_with_crafting_table":64,"minecraft:leave_game":6,"minecraft:time_since_death":34786,"minecraft:climb_one_cm":918,"minecraft:sprint_one_cm":1257791,"minecraft:damage_blocked_by_shield":705,"minecraft:walk_one_cm":2041508,"minecraft:drop":114,"minecraft:talked_to_villager":4,"minecraft:play_time":421974,"minecraft:sneak_time":3796,"minecraft:deaths":6,"minecraft:walk_under_water_one_cm":4810,"minecraft:boat_one_cm":91067,"minecraft:jump":3978,"minecraft:walk_on_water_one_cm":37630,"minecraft:total_world_time":421974,"minecraft:interact_with_furnace":169,"minecraft:interact_with_grindstone":1,"minecraft:sleep_in_bed":5,"minecraft:time_since_rest":35163,"minecraft:damage_taken":2500,"minecraft:damage_dealt":12419,"minecraft:swim_one_cm":5982,"minecraft:fly_one_cm":2201432,"minecraft:crouch_one_cm":14371,"minecraft:open_chest":268,"minecraft:fall_one_cm":168235},"minecraft:picked_up":{"minecraft:iron_chestplate":1,"minecraft:crafting_table":1,"minecraft:wheat":3,"minecraft:flower_pot":2,"biomesoplenty:jacaranda_sapling":22,"minecraft:stripped_cherry_log":4,"gravestone:obituary":6,"minecraft:string":9,"minecraft:iron_axe":1,"minecraft:iron_leggings":1,"biomesoplenty:tall_lavender":1,"biomesoplenty:jacaranda_slab":107,"minecraft:candle":8,"minecraft:spruce_planks":1,"minecraft:beef":5,"minecraft:poppy":3,"minecraft:chest":6,"minecraft:iron_boots":1,"minecraft:furnace":1,"minecraft:stick":55,"minecraft:raw_iron":207,"minecraft:torch":7,"epicfight:skillbook":3,"minecraft:porkchop":1,"minecraft:cherry_log":69,"butchersdelight:deadsheep":1,"minecraft:arrow":9,"minecraft:rotten_flesh":41,"biomesoplenty:jacaranda_log":168,"botania:light_gray_mystical_flower":1,"butchersdelight:roaster":1,"minecraft:obsidian":2,"minecraft:mutton":2,"botania:magenta_double_flower":1,"minecraft:cobblestone":970,"biomesoplenty:lavender":3,"minecraft:magma_block":2,"minecraft:cherry_planks":11,"minecraft:potato":52,"biomesoplenty:jacaranda_door":1,"minecraft:flint":16,"minecraft:tuff":15,"minecraft:oak_log":18,"minecraft:yellow_bed":3,"biomesoplenty:jacaranda_planks":5,"minecraft:gunpowder":4,"butchersdelight:rack":8,"minecraft:dirt":857,"minecraft:lantern":1,"minecraft:bone":12,"minecraft:apple":4,"minecraft:bow":1,"minecraft:wheat_seeds":41,"minecraft:iron_ingot":6,"minecraft:moss_block":4,"minecraft:scaffolding":13,"minecraft:black_candle":1,"minecraft:dandelion":1,"butchersdelight:skullcow":1,"minecraft:gravel":99,"minecraft:sand":121,"minecraft:spruce_sapling":5,"minecraft:ink_sac":1,"minecraft:spruce_log":9,"mekanism:raw_osmium":26,"minecraft:spider_eye":1,"alexsmobs:animal_dictionary":1,"biomesoplenty:flowering_oak_sapling":4,"minecraft:iron_hoe":1,"butchersdelight:sheephide":7,"minecraft:iron_helmet":1,"minecraft:cherry_sapling":10,"minecraft:emerald":1,"minecraft:oak_sapling":2,"butchersdelight:hook":4,"minecraft:cherry_slab":3,"minecraft:netherrack":63,"minecraft:coal":95},"minecraft:broken":{"minecraft:iron_shovel":4,"minecraft:iron_axe":2,"minecraft:iron_sword":1,"minecraft:iron_pickaxe":5,"minecraft:bow":1},"minecraft:killed_by":{"minecraft:player":1,"minecraft:creeper":1,"minecraft:skeleton":1,"minecraft:zombie":3},"minecraft:used":{"minecraft:cherry_sapling":10,"minecraft:iron_shovel":1285,"butchersdelight:hook":3,"minecraft:chest":12,"minecraft:spruce_planks":1,"minecraft:shield":19,"minecraft:stone":7,"minecraft:iron_sword":283,"minecraft:torch":31,"minecraft:dirt":179,"minecraft:tuff":2,"biomesoplenty:jacaranda_slab":409,"minecraft:milk_bucket":3,"minecraft:glass":53,"minecraft:iron_hoe":242,"butchersdelight:cleaver":11,"minecraft:lantern":4,"minecraft:iron_axe":471,"minecraft:grass_block":134,"minecraft:cherry_slab":111,"biomesoplenty:jacaranda_sapling":18,"minecraft:bow":1,"minecraft:scaffolding":6,"minecraft:furnace":5,"minecraft:egg":1,"minecraft:potato":38,"minecraft:cherry_log":5,"minecraft:water_bucket":19,"biomesoplenty:jacaranda_door":1,"epicfight:skillbook":3,"minecraft:baked_potato":13,"minecraft:cherry_planks":1052,"epicfight:iron_longsword":23,"biomesoplenty:flowering_oak_sapling":2,"minecraft:crafting_table":3,"biomesoplenty:jacaranda_planks":707,"minecraft:apple":4,"minecraft:bread":1,"minecraft:iron_pickaxe":1294,"butchersdelight:roaster":1,"minecraft:cherry_stairs":201,"minecraft:cobblestone":33,"minecraft:chain":2,"minecraft:bucket":12,"minecraft:yellow_bed":3,"alexsmobs:animal_dictionary":1,"minecraft:stripped_cherry_log":1,"butchersdelight:rack":6,"minecraft:bone_meal":36}},"DataVersion":3465}